group,team,number,player,position,date_of_birth,age,caps,goals,club,is_captain
Group A,Czech Republic,1,Matěj Kovář,GK,2000-05-17,26.0,20,0,PSV Eindhoven,False
Group A,Czech Republic,2,David Zima,DF,2000-11-08,25.0,25,1,Slavia Prague,False
Group A,Czech Republic,3,Tomáš Holeš,DF,1993-03-31,33.0,41,2,Slavia Prague,False
Group A,Czech Republic,4,Robin Hranáč,DF,2000-01-29,26.0,14,1,TSG Hoffenheim,False
Group A,Czech Republic,5,Vladimír Coufal,DF,1992-08-22,33.0,62,2,TSG Hoffenheim,False
Group A,Czech Republic,6,Štěpán Chaloupek,DF,2003-03-08,23.0,5,0,Slavia Prague,False
Group A,Czech Republic,7,Ladislav Krejčí,DF,1999-04-20,27.0,27,5,Wolverhampton Wanderers,True
Group A,Czech Republic,8,Vladimír Darida,MF,1990-08-08,35.0,79,8,Hradec Králové,False
Group A,Czech Republic,9,Adam Hložek,FW,2002-07-25,23.0,43,5,TSG Hoffenheim,False
Group A,Czech Republic,10,Patrik Schick,FW,1996-01-24,30.0,53,26,Bayer Leverkusen,False
Group A,Czech Republic,11,Jan Kuchta,FW,1997-01-08,29.0,31,3,Sparta Prague,False
Group A,Czech Republic,12,Lukáš Červ,MF,2001-04-10,25.0,17,2,Viktoria Plzeň,False
Group A,Czech Republic,13,Mojmír Chytil,FW,1999-04-29,27.0,22,6,Slavia Prague,False
Group A,Czech Republic,14,David Jurásek,DF,2000-08-07,25.0,18,1,Slavia Prague,False
Group A,Czech Republic,15,Pavel Šulc,FW,2000-12-29,25.0,21,5,Lyon,False
Group A,Czech Republic,16,Jindřich Staněk,GK,1996-04-27,30.0,14,0,Slavia Prague,False
Group A,Czech Republic,17,Lukáš Provod,MF,1996-10-23,29.0,38,3,Slavia Prague,False
Group A,Czech Republic,18,Michal Sadílek,MF,1999-05-31,27.0,35,1,Slavia Prague,False
Group A,Czech Republic,19,Tomáš Chorý,FW,1995-01-26,31.0,22,7,Slavia Prague,False
Group A,Czech Republic,20,Jaroslav Zelený,DF,1992-08-20,33.0,23,0,Sparta Prague,False
Group A,Czech Republic,21,David Douděra,DF,1998-05-31,28.0,17,2,Slavia Prague,False
Group A,Czech Republic,22,Tomáš Souček,MF,1995-02-27,31.0,90,17,West Ham United,False
Group A,Czech Republic,23,Lukáš Horníček,GK,2002-07-13,23.0,1,0,Braga,False
Group A,Czech Republic,24,Alexandr Sojka,MF,2003-04-02,23.0,2,0,Viktoria Plzeň,False
Group A,Czech Republic,25,Hugo Sochůrek,MF,2008-06-07,18.0,1,0,Sparta Prague,False
Group A,Czech Republic,26,Denis Višinský,FW,2003-03-21,23.0,2,1,Viktoria Plzeň,False
Group A,Mexico,1,Raúl Rangel,GK,2000-02-25,26.0,14,0,Guadalajara,False
Group A,Mexico,2,Jorge Sánchez,DF,1997-12-10,28.0,59,3,PAOK,False
Group A,Mexico,3,César Montes,DF,1997-02-24,29.0,67,4,Lokomotiv Moscow,False
Group A,Mexico,4,Edson Álvarez,DF,1997-10-24,28.0,98,7,Fenerbahçe,True
Group A,Mexico,5,Johan Vásquez,DF,1998-10-22,27.0,46,3,Genoa,False
Group A,Mexico,6,Érik Lira,MF,2000-05-08,26.0,25,0,Cruz Azul,False
Group A,Mexico,7,Luis Romo,MF,1995-06-05,31.0,63,4,Guadalajara,False
Group A,Mexico,8,Álvaro Fidalgo,MF,1997-04-09,29.0,4,0,Real Betis,False
Group A,Mexico,9,Raúl Jiménez,FW,1991-05-05,35.0,124,45,Fulham,False
Group A,Mexico,10,Alexis Vega,FW,1997-11-25,28.0,52,7,Toluca,False
Group A,Mexico,11,Santiago Giménez,FW,2001-04-18,25.0,47,6,Milan,False
Group A,Mexico,12,Carlos Acevedo,GK,1996-04-19,30.0,7,0,Santos Laguna,False
Group A,Mexico,13,Guillermo Ochoa,GK,1985-07-13,40.0,152,0,AEL Limassol,False
Group A,Mexico,14,Armando González,FW,2003-04-20,23.0,7,1,Guadalajara,False
Group A,Mexico,15,Israel Reyes,DF,2000-05-23,26.0,34,2,América,False
Group A,Mexico,16,Julián Quiñones,FW,1997-03-24,29.0,22,2,Al-Qadsiah,False
Group A,Mexico,17,Orbelín Pineda,MF,1996-03-24,30.0,92,12,AEK Athens,False
Group A,Mexico,18,Obed Vargas,MF,2005-08-05,20.0,6,0,Atlético Madrid,False
Group A,Mexico,19,Gilberto Mora,MF,2008-10-14,17.0,8,0,Tijuana,False
Group A,Mexico,20,Mateo Chávez,DF,2004-05-12,22.0,10,0,AZ,False
Group A,Mexico,21,César Huerta,FW,2000-12-03,25.0,26,3,Anderlecht,False
Group A,Mexico,22,Guillermo Martínez,FW,1995-03-15,31.0,12,3,Pumas,False
Group A,Mexico,23,Jesús Gallardo,DF,1994-08-15,31.0,121,3,Toluca,False
Group A,Mexico,24,Luis Chávez,MF,1996-01-15,30.0,45,5,Dynamo Moscow,False
Group A,Mexico,25,Roberto Alvarado,FW,1998-09-07,27.0,67,5,Guadalajara,False
Group A,Mexico,26,Brian Gutiérrez,MF,2003-06-17,22.0,7,2,Guadalajara,False
Group A,South Africa,1,Ronwen Williams,GK,1992-01-21,34.0,62,0,Mamelodi Sundowns,True
Group A,South Africa,2,Thabang Matuludi,DF,1999-01-14,27.0,2,0,Polokwane City,False
Group A,South Africa,3,Khulumani Ndamane,DF,2004-02-05,22.0,5,0,Mamelodi Sundowns,False
Group A,South Africa,4,Teboho Mokoena,MF,1997-01-24,29.0,51,9,Mamelodi Sundowns,False
Group A,South Africa,5,Thalente Mbatha,MF,2000-03-06,26.0,14,3,Orlando Pirates,False
Group A,South Africa,6,Aubrey Modiba,DF,1995-07-22,30.0,44,3,Mamelodi Sundowns,False
Group A,South Africa,7,Oswin Appollis,FW,2001-08-25,24.0,25,8,Orlando Pirates,False
Group A,South Africa,8,Tshepang Moremi,FW,2000-10-02,25.0,9,1,Orlando Pirates,False
Group A,South Africa,9,Lyle Foster,FW,2000-09-03,25.0,26,10,Burnley,False
Group A,South Africa,10,Relebohile Mofokeng,FW,2004-10-23,21.0,12,0,Orlando Pirates,False
Group A,South Africa,11,Themba Zwane,MF,1989-08-03,36.0,53,12,Mamelodi Sundowns,False
Group A,South Africa,12,Thapelo Maseko,FW,2003-11-11,22.0,9,1,AEL Limassol,False
Group A,South Africa,13,Sphephelo Sithole,MF,1999-03-03,27.0,27,1,Tondela,False
Group A,South Africa,14,Mbekezeli Mbokazi,DF,2005-09-19,20.0,10,1,Chicago Fire FC,False
Group A,South Africa,15,Iqraam Rayners,FW,1995-12-19,30.0,13,4,Mamelodi Sundowns,False
Group A,South Africa,16,Sipho Chaine,GK,1996-12-14,29.0,3,0,Orlando Pirates,False
Group A,South Africa,17,Evidence Makgopa,FW,2000-06-05,26.0,26,6,Orlando Pirates,False
Group A,South Africa,18,Samukele Kabini,DF,2004-03-15,22.0,5,0,Molde,False
Group A,South Africa,19,Nkosinathi Sibisi,DF,1995-09-22,30.0,19,0,Orlando Pirates,False
Group A,South Africa,20,Khuliso Mudau,DF,1995-04-26,31.0,32,1,Mamelodi Sundowns,False
Group A,South Africa,21,Ime Okon,DF,2004-02-20,22.0,7,1,Hannover 96,False
Group A,South Africa,22,Ricardo Goss,GK,1994-04-02,32.0,4,0,Siwelele,False
Group A,South Africa,23,Jayden Adams,MF,2001-05-05,25.0,4,0,Mamelodi Sundowns,False
Group A,South Africa,24,Olwethu Makhanya,DF,2004-04-30,22.0,0,0,Philadelphia Union,False
Group A,South Africa,25,Kamogelo Sebelebele,FW,2002-07-21,23.0,2,0,Orlando Pirates,False
Group A,South Africa,26,Bradley Cross,DF,2001-01-30,25.0,0,0,Kaizer Chiefs,False
Group A,South Korea,1,Kim Seung-gyu,GK,1990-09-30,35.0,87,0,FC Tokyo,False
Group A,South Korea,2,Lee Han-beom,DF,2002-06-17,23.0,8,0,Midtjylland,False
Group A,South Korea,3,Lee Gi-hyuk,MF,2000-07-07,25.0,3,0,Gangwon FC,False
Group A,South Korea,4,Kim Min-jae,DF,1996-11-15,29.0,79,4,Bayern Munich,False
Group A,South Korea,5,Kim Tae-hyeon,DF,2000-09-17,25.0,7,0,Kashima Antlers,False
Group A,South Korea,6,Hwang In-beom,MF,1996-09-20,29.0,73,6,Feyenoord,False
Group A,South Korea,7,Son Heung-min,FW,1992-07-08,33.0,144,56,Los Angeles FC,True
Group A,South Korea,8,Paik Seung-ho,MF,1997-03-17,29.0,27,3,Birmingham City,False
Group A,South Korea,9,Cho Gue-sung,FW,1998-01-25,28.0,44,12,Midtjylland,False
Group A,South Korea,10,Lee Jae-sung,MF,1992-08-10,33.0,105,15,Mainz 05,False
Group A,South Korea,11,Hwang Hee-chan,MF,1996-01-26,30.0,79,17,Wolverhampton Wanderers,False
Group A,South Korea,12,Song Bum-keun,GK,1997-10-15,28.0,3,0,Jeonbuk Hyundai Motors,False
Group A,South Korea,13,Lee Tae-seok,DF,2002-07-28,23.0,15,1,Austria Wien,False
Group A,South Korea,14,Cho Wi-je,DF,2001-08-25,24.0,1,0,Jeonbuk Hyundai Motors,False
Group A,South Korea,15,Kim Moon-hwan,DF,1995-08-01,30.0,35,0,Daejeon Hana Citizen,False
Group A,South Korea,16,Park Jin-seob,DF,1995-10-23,30.0,14,1,Zhejiang,False
Group A,South Korea,17,Bae Jun-ho,MF,2003-08-21,22.0,13,2,Stoke City,False
Group A,South Korea,18,Oh Hyeon-gyu,FW,2001-04-12,25.0,27,6,Beşiktaş,False
Group A,South Korea,19,Lee Kang-in,MF,2001-02-19,25.0,47,11,Paris Saint-Germain,False
Group A,South Korea,20,Yang Hyun-jun,MF,2002-05-25,24.0,9,0,Celtic,False
Group A,South Korea,21,Jo Hyeon-woo,GK,1991-09-25,34.0,48,0,Ulsan HD,False
Group A,South Korea,22,Seol Young-woo,DF,1998-12-05,27.0,34,0,Red Star Belgrade,False
Group A,South Korea,23,Jens Castrop,DF,2003-07-29,22.0,7,0,Borussia Mönchengladbach,False
Group A,South Korea,24,Kim Jin-gyu,MF,1997-02-24,29.0,22,3,Jeonbuk Hyundai Motors,False
Group A,South Korea,25,Eom Ji-sung,MF,2002-05-09,24.0,9,2,Swansea City,False
Group A,South Korea,26,Lee Dong-gyeong,MF,1997-09-20,28.0,18,4,Ulsan HD,False
Group B,Bosnia and Herzegovina,1,Nikola Vasilj,GK,1995-12-02,30.0,26,0,FC St. Pauli,False
Group B,Bosnia and Herzegovina,2,Nihad Mujakić,DF,1998-04-15,28.0,12,1,Gaziantep,False
Group B,Bosnia and Herzegovina,3,Dennis Hadžikadunić,DF,1998-07-09,27.0,32,0,Sampdoria,False
Group B,Bosnia and Herzegovina,4,Tarik Muharemović,DF,2003-02-28,23.0,14,1,Sassuolo,False
Group B,Bosnia and Herzegovina,5,Sead Kolašinac,DF,1993-06-20,32.0,65,0,Atalanta,False
Group B,Bosnia and Herzegovina,6,Benjamin Tahirović,MF,2003-03-03,23.0,28,2,Brøndby,False
Group B,Bosnia and Herzegovina,7,Amar Dedić,DF,2002-08-18,23.0,28,1,Benfica,False
Group B,Bosnia and Herzegovina,8,Armin Gigović,MF,2002-04-06,24.0,20,1,Young Boys,False
Group B,Bosnia and Herzegovina,9,Samed Baždar,FW,2004-01-31,22.0,13,1,Jagiellonia Białystok,False
Group B,Bosnia and Herzegovina,10,Ermedin Demirović,FW,1998-03-25,28.0,40,4,VfB Stuttgart,False
Group B,Bosnia and Herzegovina,11,Edin Džeko,FW,1986-03-17,40.0,148,73,Schalke 04,True
Group B,Bosnia and Herzegovina,12,Mladen Jurkas,GK,2007-10-07,18.0,0,0,Borac Banja Luka,False
Group B,Bosnia and Herzegovina,13,Ivan Bašić,MF,2002-04-30,24.0,17,0,Astana,False
Group B,Bosnia and Herzegovina,14,Ivan Šunjić,MF,1996-10-09,29.0,11,0,Pafos,False
Group B,Bosnia and Herzegovina,15,Amar Memić,MF,2001-01-20,25.0,13,1,Viktoria Plzeň,False
Group B,Bosnia and Herzegovina,16,Amir Hadžiahmetović,MF,1997-03-08,29.0,36,0,Hull City,False
Group B,Bosnia and Herzegovina,17,Dženis Burnić,MF,1998-05-22,28.0,20,0,Karlsruher SC,False
Group B,Bosnia and Herzegovina,18,Nikola Katić,DF,1996-10-10,29.0,17,2,Schalke 04,False
Group B,Bosnia and Herzegovina,19,Kerim Alajbegović,FW,2007-09-21,18.0,10,1,Red Bull Salzburg,False
Group B,Bosnia and Herzegovina,20,Esmir Bajraktarević,FW,2005-03-10,21.0,16,1,PSV Eindhoven,False
Group B,Bosnia and Herzegovina,21,Stjepan Radeljić,DF,1997-09-05,28.0,5,0,Rijeka,False
Group B,Bosnia and Herzegovina,22,Martin Zlomislić,GK,1998-08-16,27.0,3,0,Rijeka,False
Group B,Bosnia and Herzegovina,23,Haris Tabaković,FW,1994-06-20,31.0,10,4,Borussia Mönchengladbach,False
Group B,Bosnia and Herzegovina,24,Nidal Čelik,DF,2006-07-17,19.0,2,0,Lens,False
Group B,Bosnia and Herzegovina,25,Jovo Lukić,FW,1998-11-28,27.0,3,0,Universitatea Cluj,False
Group B,Bosnia and Herzegovina,26,Ermin Mahmić,MF,2005-03-14,21.0,2,0,Slovan Liberec,False
Group B,Canada,1,Dayne St. Clair,GK,1997-05-09,29.0,20,0,Inter Miami CF,False
Group B,Canada,2,Alistair Johnston,DF,1998-10-08,27.0,58,1,Celtic,False
Group B,Canada,3,Alfie Jones,DF,1997-10-07,28.0,2,0,Middlesbrough,False
Group B,Canada,4,Luc de Fougerolles,DF,2005-10-12,20.0,13,0,Dender,False
Group B,Canada,5,Joel Waterman,DF,1996-01-24,30.0,17,0,Chicago Fire FC,False
Group B,Canada,6,Mathieu Choinière,MF,1999-02-07,27.0,23,0,Los Angeles FC,False
Group B,Canada,7,Stephen Eustáquio,MF,1996-12-21,29.0,56,4,Los Angeles FC,False
Group B,Canada,8,Ismaël Koné,MF,2002-06-16,23.0,40,4,Sassuolo,False
Group B,Canada,9,Cyle Larin,FW,1995-04-17,31.0,90,30,Southampton,False
Group B,Canada,10,Jonathan David,FW,2000-01-14,26.0,77,39,Juventus,False
Group B,Canada,11,Liam Millar,MF,1999-09-27,26.0,41,1,Hull City,False
Group B,Canada,12,Tani Oluwaseyi,FW,2000-05-15,26.0,24,2,Villarreal,False
Group B,Canada,13,Derek Cornelius,DF,1997-11-25,28.0,44,1,Rangers,False
Group B,Canada,14,Jacob Shaffelburg,MF,1999-11-26,26.0,31,6,Los Angeles FC,False
Group B,Canada,15,Moïse Bombito,DF,2000-03-30,26.0,20,0,Nice,False
Group B,Canada,16,Maxime Crépeau,GK,1994-05-11,32.0,32,0,Orlando City SC,False
Group B,Canada,17,Tajon Buchanan,FW,1999-02-08,27.0,60,8,Villarreal,False
Group B,Canada,18,Owen Goodman,GK,2003-11-27,22.0,0,0,Barnsley,False
Group B,Canada,19,Alphonso Davies,DF,2000-11-02,25.0,58,15,Bayern Munich,True
Group B,Canada,20,Ali Ahmed,FW,2000-10-10,25.0,24,1,Norwich City,False
Group B,Canada,21,Jonathan Osorio,MF,1992-06-12,33.0,90,10,Toronto FC,False
Group B,Canada,22,Richie Laryea,DF,1995-01-07,31.0,75,1,Toronto FC,False
Group B,Canada,23,Niko Sigur,DF,2003-09-09,22.0,19,2,Hajduk Split,False
Group B,Canada,24,Promise David,FW,2001-07-03,24.0,10,3,Union Saint-Gilloise,False
Group B,Canada,25,Nathan Saliba,MF,2004-02-07,22.0,15,2,Anderlecht,False
Group B,Canada,26,Jayden Nelson,MF,2002-02-07,24.0,14,3,Austin FC,False
Group B,Qatar,1,Mahmud Abunada,GK,2000-02-05,26.0,5,0,Al-Rayyan,False
Group B,Qatar,2,Pedro Miguel,DF,1990-08-06,35.0,99,3,Al-Sadd,False
Group B,Qatar,3,Lucas Mendes,DF,1990-07-03,35.0,25,1,Al-Wakrah,False
Group B,Qatar,4,Issa Laye,DF,1997-12-22,28.0,4,0,Al-Arabi,False
Group B,Qatar,5,Jassem Gaber,DF,2002-02-20,24.0,32,1,Al-Rayyan,False
Group B,Qatar,6,Abdulaziz Hatem,MF,1990-01-01,36.0,117,11,Al-Rayyan,False
Group B,Qatar,7,Ahmed Alaaeldin,FW,1993-01-31,33.0,68,9,Al-Rayyan,False
Group B,Qatar,8,Edmilson Junior,FW,1994-08-19,31.0,16,0,Al-Duhail,False
Group B,Qatar,9,Mohammed Muntari,FW,1993-12-20,32.0,67,16,Al-Gharafa,False
Group B,Qatar,10,Hassan Al-Haydos,FW,1990-12-11,35.0,186,41,Al-Sadd,True
Group B,Qatar,11,Akram Afif,FW,1996-11-18,29.0,125,39,Al-Sadd,False
Group B,Qatar,12,Karim Boudiaf,MF,1990-09-16,35.0,118,5,Al-Duhail,False
Group B,Qatar,13,Ayoub Al-Oui,DF,2005-03-11,21.0,6,0,Al-Gharafa,False
Group B,Qatar,14,Homam Ahmed,DF,1999-08-25,26.0,68,3,Cultural Leonesa,False
Group B,Qatar,15,Yusuf Abdurisag,FW,1999-08-06,26.0,39,3,Al-Wakrah,False
Group B,Qatar,16,Boualem Khoukhi,DF,1990-07-09,35.0,116,20,Al-Sadd,False
Group B,Qatar,17,Ahmed Al-Ganehi,MF,2000-09-22,25.0,13,1,Al-Gharafa,False
Group B,Qatar,18,Sultan Al-Brake,DF,1996-04-07,30.0,17,0,Al-Duhail,False
Group B,Qatar,19,Almoez Ali,FW,1996-08-19,29.0,115,55,Al-Duhail,False
Group B,Qatar,20,Ahmed Fathy,MF,1993-01-25,33.0,48,0,Al-Arabi,False
Group B,Qatar,21,Salah Zakaria,GK,1999-04-24,27.0,8,0,Al-Duhail,False
Group B,Qatar,22,Meshaal Barsham,GK,1998-02-14,28.0,52,0,Al-Sadd,False
Group B,Qatar,23,Assim Madibo,MF,1996-10-22,29.0,51,0,Al-Wakrah,False
Group B,Qatar,24,Tahsin Jamshid,FW,2006-06-16,19.0,3,0,Al-Duhail,False
Group B,Qatar,25,Al-Hashmi Al-Hussain,DF,2003-08-15,22.0,8,0,Al-Arabi,False
Group B,Qatar,26,Mohamed Manai,FW,2002-10-25,23.0,10,0,Al-Shamal,False
Group B,Switzerland,1,Gregor Kobel,GK,1997-12-06,28.0,21,0,Borussia Dortmund,False
Group B,Switzerland,2,Miro Muheim,DF,1998-03-24,28.0,10,0,Hamburger SV,False
Group B,Switzerland,3,Silvan Widmer,DF,1993-03-05,33.0,60,5,Mainz 05,False
Group B,Switzerland,4,Nico Elvedi,DF,1996-09-30,29.0,67,3,Borussia Mönchengladbach,False
Group B,Switzerland,5,Manuel Akanji,DF,1995-07-19,30.0,81,4,Inter Milan,False
Group B,Switzerland,6,Denis Zakaria,MF,1996-11-20,29.0,65,3,Monaco,False
Group B,Switzerland,7,Breel Embolo,FW,1997-02-14,29.0,86,24,Rennes,False
Group B,Switzerland,8,Remo Freuler,MF,1992-04-15,34.0,88,11,Bologna,False
Group B,Switzerland,9,Johan Manzambi,MF,2005-10-14,20.0,12,3,SC Freiburg,False
Group B,Switzerland,10,Granit Xhaka,MF,1992-09-27,33.0,146,17,Sunderland,True
Group B,Switzerland,11,Dan Ndoye,FW,2000-10-25,25.0,31,8,Nottingham Forest,False
Group B,Switzerland,12,Yvon Mvogo,GK,1994-06-06,32.0,13,0,Lorient,False
Group B,Switzerland,13,Ricardo Rodriguez,DF,1992-08-25,33.0,138,9,Real Betis,False
Group B,Switzerland,14,Ardon Jashari,MF,2002-07-30,23.0,8,0,Milan,False
Group B,Switzerland,15,Djibril Sow,MF,1997-02-06,29.0,52,0,Sevilla,False
Group B,Switzerland,16,Christian Fassnacht,FW,1993-11-11,32.0,23,5,Young Boys,False
Group B,Switzerland,17,Rubén Vargas,FW,1998-08-05,27.0,61,11,Sevilla,False
Group B,Switzerland,18,Eray Cömert,DF,1998-02-04,28.0,22,0,Valencia,False
Group B,Switzerland,19,Noah Okafor,FW,2000-05-24,26.0,25,2,Leeds United,False
Group B,Switzerland,20,Michel Aebischer,MF,1997-01-06,29.0,40,2,Pisa,False
Group B,Switzerland,21,Marvin Keller,GK,2002-07-03,23.0,1,0,Young Boys,False
Group B,Switzerland,22,Fabian Rieder,MF,2002-02-16,24.0,28,1,FC Augsburg,False
Group B,Switzerland,23,Zeki Amdouni,FW,2000-12-04,25.0,29,11,Burnley,False
Group B,Switzerland,24,Aurèle Amenda,DF,2003-07-31,22.0,7,0,Eintracht Frankfurt,False
Group B,Switzerland,25,Luca Jaquez,DF,2003-06-02,23.0,3,0,VfB Stuttgart,False
Group B,Switzerland,26,Cedric Itten,FW,1996-12-27,29.0,15,5,Fortuna Düsseldorf,False
Group C,Brazil,1,Alisson,GK,1992-10-02,33.0,78,0,Liverpool,False
Group C,Brazil,2,Éderson Silva,MF,1999-07-07,26.0,3,0,Atalanta,False
Group C,Brazil,3,Gabriel Magalhães,DF,1997-12-19,28.0,17,1,Arsenal,False
Group C,Brazil,4,Marquinhos,DF,1994-05-14,32.0,105,7,Paris Saint-Germain,True
Group C,Brazil,5,Casemiro,MF,1992-02-23,34.0,86,9,Manchester United,False
Group C,Brazil,6,Alex Sandro,DF,1991-01-26,35.0,45,2,Flamengo,False
Group C,Brazil,7,Vinícius Júnior,FW,2000-07-12,25.0,49,9,Real Madrid,False
Group C,Brazil,8,Bruno Guimarães,MF,1997-11-16,28.0,43,3,Newcastle United,False
Group C,Brazil,9,Matheus Cunha,FW,1999-05-27,27.0,23,1,Manchester United,False
Group C,Brazil,10,Neymar,FW,1992-02-05,34.0,128,79,Santos,False
Group C,Brazil,11,Raphinha,FW,1996-12-14,29.0,39,11,Barcelona,False
Group C,Brazil,12,Weverton,GK,1987-12-13,38.0,11,0,Grêmio,False
Group C,Brazil,13,Danilo Luiz,DF,1991-07-15,34.0,70,1,Flamengo,False
Group C,Brazil,14,Bremer,DF,1997-03-18,29.0,8,1,Juventus,False
Group C,Brazil,15,Léo Pereira,DF,1996-01-31,30.0,4,0,Flamengo,False
Group C,Brazil,16,Douglas Santos,DF,1994-03-22,32.0,7,0,Zenit Saint Petersburg,False
Group C,Brazil,17,Fabinho,MF,1993-10-23,32.0,33,0,Al-Ittihad,False
Group C,Brazil,18,Danilo Santos,MF,2001-04-29,25.0,4,2,Botafogo,False
Group C,Brazil,19,Endrick,FW,2006-07-21,19.0,17,4,Lyon,False
Group C,Brazil,20,Lucas Paquetá,MF,1997-08-27,28.0,63,13,Flamengo,False
Group C,Brazil,21,Luiz Henrique,FW,2001-01-02,25.0,15,2,Zenit Saint Petersburg,False
Group C,Brazil,22,Gabriel Martinelli,FW,2001-06-18,24.0,23,4,Arsenal,False
Group C,Brazil,23,Ederson Moraes,GK,1993-08-17,32.0,32,0,Fenerbahçe,False
Group C,Brazil,24,Roger Ibañez,DF,1998-11-23,27.0,7,0,Al-Ahli,False
Group C,Brazil,25,Igor Thiago,FW,2001-06-26,24.0,4,2,Brentford,False
Group C,Brazil,26,Rayan,FW,2006-08-03,19.0,2,1,Bournemouth,False
Group C,Haiti,1,Johny Placide,GK,1988-01-29,38.0,81,0,Bastia,True
Group C,Haiti,2,Carlens Arcus,DF,1996-06-28,29.0,53,1,Angers,False
Group C,Haiti,3,Keeto Thermoncy,DF,2006-03-29,20.0,1,0,Young Boys,False
Group C,Haiti,4,Ricardo Adé,DF,1990-05-21,36.0,59,2,LDU Quito,False
Group C,Haiti,5,Hannes Delcroix,DF,1999-02-28,27.0,7,0,Lugano,False
Group C,Haiti,6,Carl Sainté,MF,2002-08-09,23.0,26,0,El Paso Locomotive FC,False
Group C,Haiti,7,Derrick Etienne Jr.,FW,1996-11-25,29.0,48,8,Toronto FC,False
Group C,Haiti,8,Martin Expérience,DF,1999-03-09,27.0,21,0,Nancy,False
Group C,Haiti,9,Duckens Nazon,FW,1994-04-07,32.0,78,44,Esteghlal,False
Group C,Haiti,10,Jean-Ricner Bellegarde,MF,1998-06-27,27.0,10,0,Wolverhampton Wanderers,False
Group C,Haiti,11,Louicius Deedson,FW,2001-02-11,25.0,32,10,FC Dallas,False
Group C,Haiti,12,Alexandre Pierre,GK,2001-02-25,25.0,15,0,Sochaux,False
Group C,Haiti,13,Duke Lacroix,DF,1993-10-14,32.0,16,3,Colorado Springs Switchbacks FC,False
Group C,Haiti,14,Leverton Pierre,MF,1998-03-09,28.0,33,0,Vizela,False
Group C,Haiti,15,Ruben Providence,FW,2001-07-07,24.0,15,3,Almere City,False
Group C,Haiti,16,Lenny Joseph,FW,2000-10-12,25.0,2,1,Ferencváros,False
Group C,Haiti,17,Danley Jean Jacques,MF,2000-05-20,26.0,30,6,Philadelphia Union,False
Group C,Haiti,18,Wilson Isidor,FW,2000-08-27,25.0,4,2,Sunderland,False
Group C,Haiti,19,Yassin Fortuné,FW,1999-01-30,27.0,4,0,Vizela,False
Group C,Haiti,20,Frantzdy Pierrot,FW,1995-03-29,31.0,51,34,Çaykur Rizespor,False
Group C,Haiti,21,Josué Casimir,FW,2001-09-24,24.0,7,0,Auxerre,False
Group C,Haiti,22,Jean-Kévin Duverne,DF,1997-07-12,28.0,17,1,Gent,False
Group C,Haiti,23,Josué Duverger,GK,2000-04-27,26.0,6,0,Cosmos Koblenz,False
Group C,Haiti,24,Wilguens Paugain,DF,2001-08-24,24.0,8,0,Zulte Waregem,False
Group C,Haiti,25,Dominique Simon,MF,2000-07-29,25.0,2,0,Tatran Prešov,False
Group C,Haiti,26,Woodensky Pierre,MF,2004-12-30,21.0,1,0,Violette,False
Group C,Morocco,1,Yassine Bounou,GK,1991-04-05,35.0,90,0,Al-Hilal,False
Group C,Morocco,2,Achraf Hakimi,DF,1998-11-04,27.0,96,11,Paris Saint-Germain,True
Group C,Morocco,3,Noussair Mazraoui,DF,1997-11-14,28.0,45,2,Manchester United,False
Group C,Morocco,4,Sofyan Amrabat,MF,1996-08-21,29.0,75,0,Real Betis,False
Group C,Morocco,5,Nayef Aguerd,DF,1996-03-30,30.0,64,2,Marseille,False
Group C,Morocco,6,Ayyoub Bouaddi,MF,2007-10-02,18.0,3,0,Lille,False
Group C,Morocco,7,Chemsdine Talbi,MF,2005-05-09,21.0,5,0,Sunderland,False
Group C,Morocco,8,Azzedine Ounahi,MF,2000-04-19,26.0,49,9,Girona,False
Group C,Morocco,9,Soufiane Rahimi,FW,1996-06-02,30.0,37,12,Al Ain,False
Group C,Morocco,10,Brahim Díaz,FW,1999-08-03,26.0,26,14,Real Madrid,False
Group C,Morocco,11,Ismael Saibari,MF,2001-01-28,25.0,31,9,PSV Eindhoven,False
Group C,Morocco,12,Munir Mohamedi,GK,1989-05-10,37.0,53,0,RS Berkane,False
Group C,Morocco,13,Zakaria El Ouahdi,DF,2001-12-31,24.0,3,0,Genk,False
Group C,Morocco,14,Issa Diop,DF,1997-01-09,29.0,4,0,Fulham,False
Group C,Morocco,15,Samir El Mourabet,MF,2005-10-06,20.0,4,0,Strasbourg,False
Group C,Morocco,16,Gessime Yassine,MF,2005-11-22,20.0,5,0,Strasbourg,False
Group C,Morocco,17,Abde Ezzalzouli,FW,2001-12-17,24.0,37,2,Real Betis,False
Group C,Morocco,18,Chadi Riad,DF,2003-06-17,22.0,6,1,Crystal Palace,False
Group C,Morocco,19,Youssef Belammari,DF,1998-09-20,27.0,19,0,Al Ahly,False
Group C,Morocco,20,Ayoub El Kaabi,FW,1993-06-25,32.0,71,35,Olympiacos,False
Group C,Morocco,21,Ayoube Amaimouni,FW,2004-11-30,21.0,2,0,Eintracht Frankfurt,False
Group C,Morocco,22,Ahmed Reda Tagnaouti,GK,1996-04-05,30.0,3,0,AS FAR,False
Group C,Morocco,23,Bilal El Khannouss,MF,2004-05-10,22.0,37,3,VfB Stuttgart,False
Group C,Morocco,24,Neil El Aynaoui,MF,2001-07-02,24.0,16,2,Roma,False
Group C,Morocco,25,Redouane Halhal,DF,2003-03-05,23.0,3,0,Mechelen,False
Group C,Morocco,26,Anass Salah-Eddine,DF,2002-01-18,24.0,9,0,PSV Eindhoven,False
Group C,Scotland,1,Angus Gunn,GK,1996-01-22,30.0,22,0,Nottingham Forest,False
Group C,Scotland,2,Aaron Hickey,DF,2002-06-10,24.0,21,0,Brentford,False
Group C,Scotland,3,Andy Robertson,DF,1994-03-11,32.0,94,4,Liverpool,True
Group C,Scotland,4,Scott McTominay,MF,1996-12-08,29.0,70,15,Napoli,False
Group C,Scotland,5,Grant Hanley,DF,1991-11-20,34.0,68,2,Hibernian,False
Group C,Scotland,6,Kieran Tierney,DF,1997-06-05,29.0,56,2,Celtic,False
Group C,Scotland,7,John McGinn,MF,1994-10-18,31.0,86,20,Aston Villa,False
Group C,Scotland,8,Tyler Fletcher,MF,2007-03-19,19.0,2,0,Manchester United,False
Group C,Scotland,9,Lyndon Dykes,FW,1995-10-07,30.0,51,10,Charlton Athletic,False
Group C,Scotland,10,Ché Adams,FW,1996-07-13,29.0,47,13,Torino,False
Group C,Scotland,11,Ryan Christie,MF,1995-02-22,31.0,68,10,Bournemouth,False
Group C,Scotland,12,Liam Kelly,GK,1996-01-23,30.0,3,0,Rangers,False
Group C,Scotland,13,Jack Hendry,DF,1995-05-07,31.0,38,3,Al-Ettifaq,False
Group C,Scotland,14,Ross Stewart,FW,1996-07-11,29.0,3,0,Southampton,False
Group C,Scotland,15,John Souttar,DF,1996-09-25,29.0,24,2,Rangers,False
Group C,Scotland,16,Dominic Hyam,DF,1995-12-20,30.0,4,0,Wrexham,False
Group C,Scotland,17,Ben Gannon-Doak,FW,2005-11-11,20.0,14,1,Bournemouth,False
Group C,Scotland,18,George Hirst,FW,1999-02-15,27.0,10,1,Ipswich Town,False
Group C,Scotland,19,Lewis Ferguson,MF,1999-08-24,26.0,24,1,Bologna,False
Group C,Scotland,20,Lawrence Shankland,FW,1995-08-10,30.0,20,7,Heart of Midlothian,False
Group C,Scotland,21,Craig Gordon,GK,1982-12-31,43.0,84,0,Heart of Midlothian,False
Group C,Scotland,22,Nathan Patterson,DF,2001-10-16,24.0,26,1,Everton,False
Group C,Scotland,23,Kenny McLean,MF,1992-01-08,34.0,58,3,Norwich City,False
Group C,Scotland,24,Anthony Ralston,DF,1998-11-16,27.0,27,1,Celtic,False
Group C,Scotland,25,Findlay Curtis,FW,2006-06-09,20.0,3,1,Kilmarnock,False
Group C,Scotland,26,Scott McKenna,DF,1996-11-12,29.0,50,1,Dinamo Zagreb,False
Group D,Australia,1,Mathew Ryan,GK,1992-04-08,34.0,104,0,Levante,True
Group D,Australia,2,Miloš Degenek,DF,1994-04-28,32.0,57,1,APOEL,False
Group D,Australia,3,Alessandro Circati,DF,2003-10-10,22.0,13,1,Parma,False
Group D,Australia,4,Jacob Italiano,DF,2001-07-30,24.0,5,0,Grazer AK,False
Group D,Australia,5,Jordan Bos,DF,2002-10-29,23.0,27,4,Feyenoord,False
Group D,Australia,6,Jason Geria,DF,1993-05-10,33.0,14,0,Albirex Niigata,False
Group D,Australia,7,Mathew Leckie,FW,1991-02-04,35.0,80,14,Melbourne City,False
Group D,Australia,8,Connor Metcalfe,MF,1999-11-05,26.0,36,1,FC St. Pauli,False
Group D,Australia,9,Mohamed Touré,FW,2004-03-26,22.0,10,2,Norwich City,False
Group D,Australia,10,Ajdin Hrustic,FW,1996-07-05,29.0,37,4,Heracles Almelo,False
Group D,Australia,11,Awer Mabil,FW,1995-09-15,30.0,38,10,Castellón,False
Group D,Australia,12,Paul Izzo,GK,1995-01-06,31.0,4,0,Randers,False
Group D,Australia,13,Aiden O'Neill,MF,1998-07-04,27.0,31,0,New York City FC,False
Group D,Australia,14,Cammy Devlin,MF,1998-06-07,28.0,5,0,Heart of Midlothian,False
Group D,Australia,15,Kai Trewin,DF,2001-05-18,25.0,6,0,New York City FC,False
Group D,Australia,16,Aziz Behich,DF,1990-12-16,35.0,84,3,Melbourne City,False
Group D,Australia,17,Nestory Irankunda,FW,2006-02-09,20.0,15,5,Watford,False
Group D,Australia,18,Patrick Beach,GK,2003-08-06,22.0,2,0,Melbourne City,False
Group D,Australia,19,Harry Souttar,DF,1998-10-22,27.0,38,11,Leicester City,False
Group D,Australia,20,Cristian Volpato,FW,2003-11-15,22.0,1,0,Sassuolo,False
Group D,Australia,21,Cameron Burgess,DF,1995-10-21,30.0,27,0,Swansea City,False
Group D,Australia,22,Jackson Irvine,MF,1993-03-07,33.0,82,14,FC St. Pauli,False
Group D,Australia,23,Nishan Velupillay,FW,2001-05-07,25.0,7,3,Melbourne Victory,False
Group D,Australia,24,Paul Okon-Engstler,MF,2005-01-24,21.0,6,0,Sydney FC,False
Group D,Australia,25,Lucas Herrington,DF,2007-09-05,18.0,4,0,Colorado Rapids,False
Group D,Australia,26,Tete Yengi,FW,2000-11-28,25.0,1,1,Machida Zelvia,False
Group D,Paraguay,1,Gatito Fernández,GK,1988-03-29,38.0,31,0,Cerro Porteño,False
Group D,Paraguay,2,Gustavo Velázquez,DF,1991-04-17,35.0,13,1,Cerro Porteño,False
Group D,Paraguay,3,Omar Alderete,DF,1996-12-26,29.0,36,3,Sunderland,False
Group D,Paraguay,4,Juan José Cáceres,DF,2000-06-01,26.0,17,0,Dynamo Moscow,False
Group D,Paraguay,5,Fabián Balbuena,DF,1991-08-23,34.0,48,2,Grêmio,False
Group D,Paraguay,6,Júnior Alonso,DF,1993-02-09,33.0,71,3,Atlético Mineiro,False
Group D,Paraguay,7,Ramón Sosa,MF,1999-08-31,26.0,29,1,Palmeiras,False
Group D,Paraguay,8,Diego Gómez,MF,2003-03-27,23.0,24,3,Brighton & Hove Albion,False
Group D,Paraguay,9,Antonio Sanabria,FW,1996-03-04,30.0,48,7,Cremonese,False
Group D,Paraguay,10,Miguel Almirón,MF,1994-02-10,32.0,76,10,Atlanta United FC,False
Group D,Paraguay,11,Maurício,MF,2001-06-22,24.0,3,0,Palmeiras,False
Group D,Paraguay,12,Orlando Gill,GK,2000-06-11,26.0,6,0,San Lorenzo,False
Group D,Paraguay,13,José Canale,DF,1996-07-20,29.0,2,0,Lanús,False
Group D,Paraguay,14,Andrés Cubas,MF,1996-05-11,30.0,33,0,Vancouver Whitecaps FC,False
Group D,Paraguay,15,Gustavo Gómez,DF,1993-05-06,33.0,89,4,Palmeiras,True
Group D,Paraguay,16,Damián Bobadilla,MF,2001-07-11,24.0,19,1,São Paulo,False
Group D,Paraguay,17,Kaku,FW,1995-01-11,31.0,33,6,Al Ain,False
Group D,Paraguay,18,Álex Arce,FW,1995-06-16,30.0,15,1,Independiente Rivadavia,False
Group D,Paraguay,19,Julio Enciso,FW,2004-01-23,22.0,32,4,Strasbourg,False
Group D,Paraguay,20,Braian Ojeda,MF,2000-06-27,25.0,17,0,Orlando City SC,False
Group D,Paraguay,21,Gabriel Ávalos,FW,1990-10-12,35.0,23,2,Independiente,False
Group D,Paraguay,22,Gastón Olveira,GK,1993-04-21,33.0,1,0,Olimpia,False
Group D,Paraguay,23,Matías Galarza,MF,2002-02-11,24.0,15,3,Atlanta United FC,False
Group D,Paraguay,24,Gustavo Caballero,MF,2001-09-21,24.0,2,1,Portsmouth,False
Group D,Paraguay,25,Isidro Pitta,FW,1999-08-14,26.0,5,0,Red Bull Bragantino,False
Group D,Paraguay,26,Alexandro Maidana,DF,2005-07-26,20.0,2,1,Talleres,False
Group D,Turkey,1,Mert Günok,GK,1989-03-01,37.0,37,0,Fenerbahçe,False
Group D,Turkey,2,Zeki Çelik,DF,1997-02-17,29.0,61,3,Roma,False
Group D,Turkey,3,Merih Demiral,DF,1998-03-05,28.0,62,6,Al-Ahli,False
Group D,Turkey,4,Çağlar Söyüncü,DF,1996-05-23,30.0,60,2,Fenerbahçe,False
Group D,Turkey,5,Salih Özcan,MF,1998-01-11,28.0,30,1,Borussia Dortmund,False
Group D,Turkey,6,Orkun Kökçü,MF,2000-12-29,25.0,50,4,Beşiktaş,False
Group D,Turkey,7,Kerem Aktürkoğlu,FW,1998-10-21,27.0,52,15,Fenerbahçe,False
Group D,Turkey,8,Arda Güler,FW,2005-02-25,21.0,29,6,Real Madrid,False
Group D,Turkey,9,Deniz Gül,FW,2004-07-02,21.0,8,2,Porto,False
Group D,Turkey,10,Hakan Çalhanoğlu,MF,1994-02-08,32.0,105,22,Inter Milan,True
Group D,Turkey,11,Kenan Yıldız,FW,2005-05-04,21.0,28,5,Juventus,False
Group D,Turkey,12,Altay Bayındır,GK,1998-04-14,28.0,12,0,Manchester United,False
Group D,Turkey,13,Eren Elmalı,DF,2000-07-07,25.0,23,0,Galatasaray,False
Group D,Turkey,14,Abdülkerim Bardakcı,DF,1994-09-07,31.0,27,2,Galatasaray,False
Group D,Turkey,15,Ozan Kabak,DF,2000-03-25,26.0,30,2,TSG Hoffenheim,False
Group D,Turkey,16,İsmail Yüksek,MF,1999-01-26,27.0,32,1,Fenerbahçe,False
Group D,Turkey,17,İrfan Can Kahveci,FW,1995-07-15,30.0,47,6,Kasımpaşa,False
Group D,Turkey,18,Mert Müldür,DF,1999-04-03,27.0,45,3,Fenerbahçe,False
Group D,Turkey,19,Yunus Akgün,FW,2000-07-07,25.0,19,4,Galatasaray,False
Group D,Turkey,20,Ferdi Kadıoğlu,DF,1999-10-07,26.0,30,2,Brighton & Hove Albion,False
Group D,Turkey,21,Barış Alper Yılmaz,FW,2000-05-23,26.0,35,4,Galatasaray,False
Group D,Turkey,22,Kaan Ayhan,MF,1994-11-10,31.0,73,5,Galatasaray,False
Group D,Turkey,23,Uğurcan Çakır,GK,1996-04-05,30.0,39,0,Galatasaray,False
Group D,Turkey,24,Oğuz Aydın,FW,2000-10-27,25.0,11,0,Fenerbahçe,False
Group D,Turkey,25,Samet Akaydin,DF,1994-03-13,32.0,19,1,Çaykur Rizespor,False
Group D,Turkey,26,Can Uzun,FW,2005-11-11,20.0,6,1,Eintracht Frankfurt,False
Group D,United States,1,Matt Turner,GK,1994-06-24,31.0,54,0,New England Revolution,False
Group D,United States,2,Sergiño Dest,DF,2000-11-03,25.0,39,3,PSV Eindhoven,False
Group D,United States,3,Chris Richards,DF,2000-03-28,26.0,36,3,Crystal Palace,False
Group D,United States,4,Tyler Adams,MF,1999-02-14,27.0,54,2,Bournemouth,False
Group D,United States,5,Antonee Robinson,DF,1997-08-08,28.0,54,5,Fulham,False
Group D,United States,6,Auston Trusty,DF,1998-08-12,27.0,8,0,Celtic,False
Group D,United States,7,Giovanni Reyna,MF,2002-11-13,23.0,38,9,Borussia Mönchengladbach,False
Group D,United States,8,Weston McKennie,MF,1998-08-28,27.0,66,12,Juventus,False
Group D,United States,9,Ricardo Pepi,FW,2003-01-09,23.0,37,13,PSV Eindhoven,False
Group D,United States,10,Christian Pulisic,FW,1998-09-18,27.0,86,33,Milan,False
Group D,United States,11,Brenden Aaronson,FW,2000-10-22,25.0,58,9,Leeds United,False
Group D,United States,12,Miles Robinson,DF,1997-03-14,29.0,40,3,FC Cincinnati,False
Group D,United States,13,Tim Ream,DF,1987-10-05,38.0,82,1,Charlotte FC,True
Group D,United States,14,Sebastian Berhalter,MF,2001-05-10,25.0,13,1,Vancouver Whitecaps FC,False
Group D,United States,15,Cristian Roldan,MF,1995-06-03,31.0,47,0,Seattle Sounders FC,False
Group D,United States,16,Alex Freeman,DF,2004-08-09,21.0,17,2,Villarreal,False
Group D,United States,17,Malik Tillman,MF,2002-05-28,24.0,30,3,Bayer Leverkusen,False
Group D,United States,18,Max Arfsten,DF,2001-04-19,25.0,20,1,Columbus Crew,False
Group D,United States,19,Haji Wright,FW,1998-03-27,28.0,20,7,Coventry City,False
Group D,United States,20,Folarin Balogun,FW,2001-07-03,24.0,27,9,Monaco,False
Group D,United States,21,Timothy Weah,FW,2000-02-22,26.0,51,7,Marseille,False
Group D,United States,22,Mark McKenzie,DF,1999-02-25,27.0,29,0,Toulouse,False
Group D,United States,23,Joe Scally,DF,2002-12-31,23.0,26,0,Borussia Mönchengladbach,False
Group D,United States,24,Matt Freese,GK,1998-09-02,27.0,15,0,New York City FC,False
Group D,United States,25,Chris Brady,GK,2004-03-03,22.0,1,0,Chicago Fire FC,False
Group D,United States,26,Alejandro Zendejas,FW,1998-02-07,28.0,14,2,América,False
Group E,Curaçao,1,Eloy Room,GK,1989-02-06,37.0,71,0,Miami FC,False
Group E,Curaçao,2,Shurandy Sambo,DF,2001-08-19,24.0,8,0,Sparta Rotterdam,False
Group E,Curaçao,3,Juriën Gaari,DF,1993-12-23,32.0,60,1,Abha,False
Group E,Curaçao,4,Roshon van Eijma,DF,1998-06-09,28.0,28,1,RKC Waalwijk,False
Group E,Curaçao,5,Sherel Floranus,DF,1998-08-23,27.0,28,0,PEC Zwolle,False
Group E,Curaçao,6,Godfried Roemeratoe,MF,1999-08-19,26.0,28,1,RKC Waalwijk,False
Group E,Curaçao,7,Juninho Bacuna,MF,1997-08-07,28.0,49,15,Volendam,False
Group E,Curaçao,8,Livano Comenencia,MF,2004-02-03,22.0,20,2,Zürich,False
Group E,Curaçao,9,Jürgen Locadia,FW,1993-11-07,32.0,13,1,Miami FC,False
Group E,Curaçao,10,Leandro Bacuna,MF,1991-08-21,34.0,72,16,Iğdır,True
Group E,Curaçao,11,Jeremy Antonisse,FW,2002-03-29,24.0,27,4,Kifisia,False
Group E,Curaçao,12,Sontje Hansen,FW,2002-05-18,24.0,6,1,Middlesbrough,False
Group E,Curaçao,13,Tyrese Noslin,FW,2002-09-11,23.0,7,1,Telstar,False
Group E,Curaçao,14,Kenji Gorré,FW,1994-09-29,31.0,38,6,Maccabi Haifa,False
Group E,Curaçao,15,Ar'jany Martha,MF,2003-09-04,22.0,9,2,Rotherham United,False
Group E,Curaçao,16,Jearl Margaritha,FW,2000-04-10,26.0,22,5,Beveren,False
Group E,Curaçao,17,Brandley Kuwas,FW,1992-09-19,33.0,35,2,Volendam,False
Group E,Curaçao,18,Armando Obispo,DF,1999-03-05,27.0,6,0,PSV Eindhoven,False
Group E,Curaçao,19,Gervane Kastaneer,FW,1996-06-09,30.0,29,9,Terengganu,False
Group E,Curaçao,20,Joshua Brenet,DF,1994-03-20,32.0,18,2,Kayserispor,False
Group E,Curaçao,21,Tahith Chong,MF,1999-12-04,26.0,6,3,Sheffield United,False
Group E,Curaçao,22,Kevin Felida,MF,1999-11-11,26.0,19,1,Den Bosch,False
Group E,Curaçao,23,Riechedly Bazoer,DF,1996-10-12,29.0,5,0,Konyaspor,False
Group E,Curaçao,24,Deveron Fonville,DF,2003-05-16,23.0,2,0,NEC,False
Group E,Curaçao,25,Tyrick Bodak,GK,2002-05-15,24.0,4,0,Telstar,False
Group E,Curaçao,26,Trevor Doornbusch,GK,1999-07-06,26.0,8,0,VVV-Venlo,False
Group E,Ecuador,1,Hernán Galíndez,GK,1987-03-30,39.0,35,0,Huracán,False
Group E,Ecuador,2,Félix Torres,DF,1997-01-11,29.0,49,5,Internacional,False
Group E,Ecuador,3,Piero Hincapié,DF,2002-01-09,24.0,52,3,Arsenal,False
Group E,Ecuador,4,Joel Ordóñez,DF,2004-04-21,22.0,17,0,Club Brugge,False
Group E,Ecuador,5,Jordy Alcívar,MF,1999-08-05,26.0,11,1,Independiente del Valle,False
Group E,Ecuador,6,Willian Pacho,DF,2001-10-16,24.0,34,2,Paris Saint-Germain,False
Group E,Ecuador,7,Pervis Estupiñán,DF,1998-01-21,28.0,54,5,Milan,False
Group E,Ecuador,8,Anthony Valencia,MF,2003-07-21,22.0,3,1,Antwerp,False
Group E,Ecuador,9,John Yeboah,FW,2000-06-23,25.0,23,3,Venezia,False
Group E,Ecuador,10,Kendry Páez,MF,2007-05-04,19.0,26,2,River Plate,False
Group E,Ecuador,11,Kevin Rodríguez,FW,2000-03-04,26.0,31,2,Union Saint-Gilloise,False
Group E,Ecuador,12,Moisés Ramírez,GK,2000-09-09,25.0,7,0,Kifisia,False
Group E,Ecuador,13,Enner Valencia,FW,1989-11-04,36.0,105,49,Pachuca,True
Group E,Ecuador,14,Alan Minda,MF,2003-05-14,23.0,20,2,Atlético Mineiro,False
Group E,Ecuador,15,Pedro Vite,MF,2002-03-09,24.0,17,1,UNAM,False
Group E,Ecuador,16,Jordy Caicedo,FW,1997-11-18,28.0,20,4,Huracán,False
Group E,Ecuador,17,Ángelo Preciado,DF,1998-02-18,28.0,55,0,Atlético Mineiro,False
Group E,Ecuador,18,Denil Castillo,MF,2004-03-24,22.0,5,0,Midtjylland,False
Group E,Ecuador,19,Gonzalo Plata,FW,2000-11-01,25.0,50,8,Flamengo,False
Group E,Ecuador,20,Nilson Angulo,FW,2003-06-19,22.0,14,2,Sunderland,False
Group E,Ecuador,21,Alan Franco,MF,1998-08-21,27.0,58,1,Atlético Mineiro,False
Group E,Ecuador,22,Gonzalo Valle,GK,1996-02-28,30.0,4,0,LDU Quito,False
Group E,Ecuador,23,Moisés Caicedo,MF,2001-11-02,24.0,61,3,Chelsea,False
Group E,Ecuador,24,Jeremy Arévalo,FW,2005-03-19,21.0,4,0,VfB Stuttgart,False
Group E,Ecuador,25,Jackson Porozo,DF,2000-08-04,25.0,10,1,Tijuana,False
Group E,Ecuador,26,Yaimar Medina,DF,2004-11-05,21.0,6,0,Genk,False
Group E,Germany,1,Manuel Neuer,GK,1986-03-27,40.0,124,0,Bayern Munich,False
Group E,Germany,2,Antonio Rüdiger,DF,1993-03-03,33.0,82,3,Real Madrid,False
Group E,Germany,3,Waldemar Anton,DF,1996-07-20,29.0,13,0,Borussia Dortmund,False
Group E,Germany,4,Jonathan Tah,DF,1996-02-11,30.0,47,1,Bayern Munich,False
Group E,Germany,5,Aleksandar Pavlović,MF,2004-05-03,22.0,11,1,Bayern Munich,False
Group E,Germany,6,Joshua Kimmich,DF,1995-02-08,31.0,110,10,Bayern Munich,True
Group E,Germany,7,Kai Havertz,FW,1999-06-11,27.0,58,22,Arsenal,False
Group E,Germany,8,Leon Goretzka,MF,1995-02-06,31.0,70,15,Bayern Munich,False
Group E,Germany,9,Jamie Leweling,MF,2001-02-26,25.0,5,1,VfB Stuttgart,False
Group E,Germany,10,Jamal Musiala,MF,2003-02-26,23.0,42,9,Bayern Munich,False
Group E,Germany,11,Nick Woltemade,FW,2002-02-14,24.0,11,4,Newcastle United,False
Group E,Germany,12,Oliver Baumann,GK,1990-06-02,36.0,13,0,TSG Hoffenheim,False
Group E,Germany,13,Pascal Groß,MF,1991-06-15,34.0,18,1,Brighton & Hove Albion,False
Group E,Germany,14,Maximilian Beier,FW,2002-10-17,23.0,9,0,Borussia Dortmund,False
Group E,Germany,15,Nico Schlotterbeck,DF,1999-12-01,26.0,27,0,Borussia Dortmund,False
Group E,Germany,16,Angelo Stiller,MF,2001-04-04,25.0,8,0,VfB Stuttgart,False
Group E,Germany,17,Florian Wirtz,MF,2003-05-03,23.0,41,11,Liverpool,False
Group E,Germany,18,Nathaniel Brown,DF,2003-06-16,22.0,5,0,Eintracht Frankfurt,False
Group E,Germany,19,Leroy Sané,MF,1996-01-11,30.0,76,17,Galatasaray,False
Group E,Germany,20,Nadiem Amiri,MF,1996-10-27,29.0,11,1,Mainz 05,False
Group E,Germany,21,Alexander Nübel,GK,1996-09-30,29.0,3,0,VfB Stuttgart,False
Group E,Germany,22,David Raum,DF,1998-04-22,28.0,37,1,RB Leipzig,False
Group E,Germany,23,Felix Nmecha,MF,2000-10-10,25.0,8,1,Borussia Dortmund,False
Group E,Germany,24,Malick Thiaw,DF,2001-08-08,24.0,5,0,Newcastle United,False
Group E,Germany,25,Assan Ouédraogo,MF,2006-05-09,20.0,1,1,RB Leipzig,False
Group E,Germany,26,Deniz Undav,FW,1996-07-19,29.0,9,6,VfB Stuttgart,False
Group E,Ivory Coast,1,Yahia Fofana,GK,2000-08-21,25.0,35,0,Çaykur Rizespor,False
Group E,Ivory Coast,2,Ousmane Diomande,DF,2003-12-04,22.0,15,1,Sporting CP,False
Group E,Ivory Coast,3,Ghislain Konan,DF,1995-12-27,30.0,54,0,Gil Vicente,False
Group E,Ivory Coast,4,Jean Michaël Seri,MF,1991-07-19,34.0,65,4,Maribor,False
Group E,Ivory Coast,5,Wilfried Singo,DF,2000-12-25,25.0,34,1,Galatasaray,False
Group E,Ivory Coast,6,Seko Fofana,MF,1995-05-07,31.0,32,7,Porto,False
Group E,Ivory Coast,7,Odilon Kossounou,DF,2001-01-04,25.0,35,0,Atalanta,False
Group E,Ivory Coast,8,Franck Kessié,MF,1996-12-19,29.0,103,15,Al-Ahli,True
Group E,Ivory Coast,9,Ange-Yoan Bonny,FW,2003-10-25,22.0,1,0,Inter Milan,False
Group E,Ivory Coast,10,Simon Adingra,FW,2002-01-01,24.0,29,5,Monaco,False
Group E,Ivory Coast,11,Yan Diomande,FW,2006-11-14,19.0,10,3,RB Leipzig,False
Group E,Ivory Coast,12,Elye Wahi,FW,2003-01-02,23.0,2,0,Nice,False
Group E,Ivory Coast,13,Christopher Opéri,DF,1997-04-29,29.0,12,0,İstanbul Başakşehir,False
Group E,Ivory Coast,14,Oumar Diakité,FW,2003-12-20,22.0,29,6,Cercle Brugge,False
Group E,Ivory Coast,15,Amad Diallo,FW,2002-07-11,23.0,19,6,Manchester United,False
Group E,Ivory Coast,16,Mohamed Koné,GK,2002-03-07,24.0,0,0,Charleroi,False
Group E,Ivory Coast,17,Guéla Doué,DF,2002-10-17,23.0,20,3,Strasbourg,False
Group E,Ivory Coast,18,Ibrahim Sangaré,MF,1997-12-02,28.0,58,12,Nottingham Forest,False
Group E,Ivory Coast,19,Nicolas Pépé,FW,1995-05-29,31.0,55,12,Villarreal,False
Group E,Ivory Coast,20,Emmanuel Agbadou,DF,1997-06-17,28.0,20,2,Beşiktaş,False
Group E,Ivory Coast,21,Evan Ndicka,DF,1999-08-20,26.0,28,0,Roma,False
Group E,Ivory Coast,22,Evann Guessand,FW,2001-07-01,24.0,21,4,Crystal Palace,False
Group E,Ivory Coast,23,Alban Lafont,GK,1999-01-23,27.0,4,0,Panathinaikos,False
Group E,Ivory Coast,24,Bazoumana Touré,FW,2006-03-02,20.0,6,2,TSG Hoffenheim,False
Group E,Ivory Coast,25,Parfait Guiagon,MF,2001-02-22,25.0,5,0,Charleroi,False
Group E,Ivory Coast,26,Christ Inao Oulaï,MF,2006-04-06,20.0,9,0,Trabzonspor,False
Group F,Japan,1,Zion Suzuki,GK,2002-08-21,23.0,24,0,Parma,False
Group F,Japan,2,Yukinari Sugawara,DF,2000-06-28,25.0,21,2,Werder Bremen,False
Group F,Japan,3,Shōgo Taniguchi,DF,1991-07-15,34.0,38,1,Sint-Truiden,False
Group F,Japan,4,Kō Itakura,DF,1997-01-27,29.0,40,2,Ajax,False
Group F,Japan,5,Yūto Nagatomo,DF,1986-09-12,39.0,145,4,FC Tokyo,False
Group F,Japan,6,Wataru Endo,MF,1993-02-09,33.0,73,4,Liverpool,True
Group F,Japan,7,Ao Tanaka,MF,1998-09-10,27.0,38,8,Leeds United,False
Group F,Japan,8,Takefusa Kubo,MF,2001-06-04,25.0,49,7,Real Sociedad,False
Group F,Japan,9,Keisuke Gotō,FW,2005-06-03,21.0,4,0,Sint-Truiden,False
Group F,Japan,10,Ritsu Dōan,MF,1998-06-16,27.0,65,11,Eintracht Frankfurt,False
Group F,Japan,11,Daizen Maeda,MF,1997-10-20,28.0,27,4,Celtic,False
Group F,Japan,12,Keisuke Ōsako,GK,1999-07-28,26.0,11,0,Sanfrecce Hiroshima,False
Group F,Japan,13,Keito Nakamura,MF,2000-07-28,25.0,25,10,Reims,False
Group F,Japan,14,Junya Itō,MF,1993-03-09,33.0,69,15,Genk,False
Group F,Japan,15,Daichi Kamada,MF,1996-08-05,29.0,49,12,Crystal Palace,False
Group F,Japan,16,Tsuyoshi Watanabe,DF,1997-02-05,29.0,11,0,Feyenoord,False
Group F,Japan,17,Yuito Suzuki,MF,2001-10-25,24.0,6,0,SC Freiburg,False
Group F,Japan,18,Ayase Ueda,FW,1998-08-28,27.0,39,16,Feyenoord,False
Group F,Japan,19,Kōki Ogawa,FW,1997-08-08,28.0,15,11,NEC,False
Group F,Japan,20,Ayumu Seko,DF,2000-06-07,26.0,14,0,Le Havre,False
Group F,Japan,21,Hiroki Itō,DF,1999-05-12,27.0,24,1,Bayern Munich,False
Group F,Japan,22,Takehiro Tomiyasu,DF,1998-11-05,27.0,43,1,Ajax,False
Group F,Japan,23,Tomoki Hayakawa,GK,1999-03-03,27.0,4,0,Kashima Antlers,False
Group F,Japan,24,Kaishū Sano,MF,2000-12-30,25.0,13,0,Mainz 05,False
Group F,Japan,25,Junnosuke Suzuki,DF,2003-07-12,22.0,6,0,Copenhagen,False
Group F,Japan,26,Kento Shiogai,FW,2005-03-26,21.0,2,0,VfL Wolfsburg,False
Group F,Netherlands,1,Bart Verbruggen,GK,2002-08-18,23.0,29,0,Brighton & Hove Albion,False
Group F,Netherlands,2,Lutsharel Geertruida,DF,2000-07-18,25.0,21,0,Sunderland,False
Group F,Netherlands,3,Marten de Roon,MF,1991-03-29,35.0,43,1,Atalanta,False
Group F,Netherlands,4,Virgil van Dijk,DF,1991-07-08,34.0,92,12,Liverpool,True
Group F,Netherlands,5,Nathan Aké,DF,1995-02-18,31.0,59,5,Manchester City,False
Group F,Netherlands,6,Jan Paul van Hecke,DF,2000-06-08,26.0,12,0,Brighton & Hove Albion,False
Group F,Netherlands,7,Justin Kluivert,MF,1999-05-05,27.0,12,0,Bournemouth,False
Group F,Netherlands,8,Ryan Gravenberch,MF,2002-05-16,24.0,27,1,Liverpool,False
Group F,Netherlands,9,Wout Weghorst,FW,1992-08-07,33.0,52,14,Ajax,False
Group F,Netherlands,10,Memphis Depay,FW,1994-02-13,32.0,109,55,Corinthians,False
Group F,Netherlands,11,Cody Gakpo,FW,1999-05-07,27.0,50,21,Liverpool,False
Group F,Netherlands,12,Mats Wieffer,DF,1999-11-16,26.0,15,1,Brighton & Hove Albion,False
Group F,Netherlands,13,Robin Roefs,GK,2003-01-17,23.0,1,0,Sunderland,False
Group F,Netherlands,14,Tijjani Reijnders,MF,1998-07-29,27.0,32,7,Manchester City,False
Group F,Netherlands,15,Micky van de Ven,DF,2001-04-19,25.0,21,1,Tottenham Hotspur,False
Group F,Netherlands,16,Guus Til,MF,1997-12-22,28.0,7,1,PSV Eindhoven,False
Group F,Netherlands,17,Noa Lang,FW,1999-06-17,26.0,15,3,Galatasaray,False
Group F,Netherlands,18,Donyell Malen,FW,1999-01-19,27.0,53,13,Roma,False
Group F,Netherlands,19,Brian Brobbey,FW,2002-02-01,24.0,12,1,Sunderland,False
Group F,Netherlands,20,Teun Koopmeiners,MF,1998-02-28,28.0,28,3,Juventus,False
Group F,Netherlands,21,Frenkie de Jong,MF,1997-05-12,29.0,66,2,Barcelona,False
Group F,Netherlands,22,Denzel Dumfries,DF,1996-04-18,30.0,72,11,Inter Milan,False
Group F,Netherlands,23,Mark Flekken,GK,1993-06-13,32.0,12,0,Bayer Leverkusen,False
Group F,Netherlands,24,Crysencio Summerville,FW,2001-10-30,24.0,2,0,West Ham United,False
Group F,Netherlands,25,Jorrel Hato,DF,2006-03-07,20.0,8,0,Chelsea,False
Group F,Netherlands,26,Quinten Timber,MF,2001-06-17,24.0,11,1,Marseille,False
Group F,Sweden,1,Jacob Widell Zetterström,GK,1998-07-11,27.0,3,0,Derby County,False
Group F,Sweden,2,Gustaf Lagerbielke,DF,2000-04-10,26.0,11,2,Braga,False
Group F,Sweden,3,Victor Lindelöf,DF,1994-07-17,31.0,76,3,Aston Villa,True
Group F,Sweden,4,Isak Hien,DF,1999-01-13,27.0,29,0,Atalanta,False
Group F,Sweden,5,Gabriel Gudmundsson,DF,1999-04-29,27.0,24,0,Leeds United,False
Group F,Sweden,6,Herman Johansson,DF,1997-10-16,28.0,3,0,FC Dallas,False
Group F,Sweden,7,Lucas Bergvall,MF,2006-02-02,20.0,10,0,Tottenham Hotspur,False
Group F,Sweden,8,Daniel Svensson,DF,2002-02-12,24.0,13,0,Borussia Dortmund,False
Group F,Sweden,9,Alexander Isak,FW,1999-09-21,26.0,58,17,Liverpool,False
Group F,Sweden,10,Benjamin Nygren,MF,2001-07-08,24.0,11,3,Celtic,False
Group F,Sweden,11,Anthony Elanga,FW,2002-04-27,24.0,30,6,Newcastle United,False
Group F,Sweden,12,Viktor Johansson,GK,1998-09-14,27.0,12,0,Stoke City,False
Group F,Sweden,13,Ken Sema,MF,1993-09-30,32.0,33,5,Pafos,False
Group F,Sweden,14,Hjalmar Ekdal,DF,1998-10-21,27.0,13,0,Burnley,False
Group F,Sweden,15,Carl Starfelt,DF,1995-06-01,31.0,18,0,Celta Vigo,False
Group F,Sweden,16,Jesper Karlström,MF,1995-06-21,30.0,25,0,Udinese,False
Group F,Sweden,17,Viktor Gyökeres,FW,1998-06-04,28.0,33,20,Arsenal,False
Group F,Sweden,18,Yasin Ayari,MF,2003-10-06,22.0,21,3,Brighton & Hove Albion,False
Group F,Sweden,19,Mattias Svanberg,MF,1999-01-05,27.0,41,2,VfL Wolfsburg,False
Group F,Sweden,20,Eric Smith,DF,1997-01-08,29.0,2,0,FC St. Pauli,False
Group F,Sweden,21,Alexander Bernhardsson,DF,1998-09-08,27.0,11,0,Holstein Kiel,False
Group F,Sweden,22,Besfort Zeneli,MF,2002-11-21,23.0,8,0,Union Saint-Gilloise,False
Group F,Sweden,23,Kristoffer Nordfeldt,GK,1989-06-23,36.0,21,0,AIK,False
Group F,Sweden,24,Elliot Stroud,DF,2002-06-22,23.0,1,0,Mjällby AIF,False
Group F,Sweden,25,Gustaf Nilsson,FW,1997-05-23,29.0,10,4,Club Brugge,False
Group F,Sweden,26,Taha Ali,FW,1998-07-01,27.0,2,0,Malmö FF,False
Group F,Tunisia,1,Mouhib Chamakh,GK,2001-08-25,24.0,2,0,Club Africain,False
Group F,Tunisia,2,Ali Abdi,DF,1993-12-20,32.0,46,7,Nice,False
Group F,Tunisia,3,Montassar Talbi,DF,1998-05-26,28.0,64,4,Lorient,False
Group F,Tunisia,4,Omar Rekik,DF,2001-12-20,24.0,6,0,Maribor,False
Group F,Tunisia,5,Adem Arous,DF,2004-07-17,21.0,2,0,Kasımpaşa,False
Group F,Tunisia,6,Dylan Bronn,DF,1995-06-19,30.0,52,2,Servette,False
Group F,Tunisia,7,Elias Achouri,FW,1999-02-10,27.0,30,4,Copenhagen,False
Group F,Tunisia,8,Elias Saad,FW,1999-12-27,26.0,15,4,Hannover 96,False
Group F,Tunisia,9,Hazem Mastouri,FW,1997-06-18,28.0,19,4,Dynamo Makhachkala,False
Group F,Tunisia,10,Hannibal Mejbri,MF,2003-01-21,23.0,45,1,Burnley,False
Group F,Tunisia,11,Ismaël Gharbi,MF,2004-04-10,22.0,17,2,FC Augsburg,False
Group F,Tunisia,12,Mortadha Ben Ouanes,DF,1994-07-02,31.0,18,0,Kasımpaşa,False
Group F,Tunisia,13,Rani Khedira,MF,1994-01-27,32.0,3,0,Union Berlin,False
Group F,Tunisia,14,Khalil Ayari,MF,2005-02-02,21.0,4,0,Paris Saint-Germain,False
Group F,Tunisia,15,Hadj Mahmoud,MF,2000-04-24,26.0,9,0,Lugano,False
Group F,Tunisia,16,Aymen Dahmen,GK,1997-01-28,29.0,37,0,CS Sfaxien,False
Group F,Tunisia,17,Ellyes Skhiri,MF,1995-05-10,31.0,83,4,Eintracht Frankfurt,True
Group F,Tunisia,18,Rayan Elloumi,FW,2007-09-17,18.0,4,0,Vancouver Whitecaps FC,False
Group F,Tunisia,19,Firas Chaouat,FW,1996-05-08,30.0,30,6,Club Africain,False
Group F,Tunisia,20,Yan Valery,DF,1999-02-22,27.0,22,0,Young Boys,False
Group F,Tunisia,21,Mohamed Amine Ben Hamida,DF,1995-12-15,30.0,13,0,Espérance de Tunis,False
Group F,Tunisia,22,Sabri Ben Hessen,GK,1996-06-13,29.0,2,0,Étoile du Sahel,False
Group F,Tunisia,23,Moutaz Neffati,DF,2004-09-04,21.0,5,0,IFK Norrköping,False
Group F,Tunisia,24,Raed Chikhaoui,DF,2004-06-09,22.0,0,0,US Monastir,False
Group F,Tunisia,25,Anis Ben Slimane,MF,2001-03-16,25.0,41,4,Norwich City,False
Group F,Tunisia,26,Sebastian Tounekti,MF,2002-07-13,23.0,12,1,Celtic,False
Group G,Belgium,1,Thibaut Courtois,GK,1992-05-11,34.0,109,0,Real Madrid,False
Group G,Belgium,2,Zeno Debast,DF,2003-10-24,22.0,26,1,Sporting CP,False
Group G,Belgium,3,Arthur Theate,DF,2000-05-25,26.0,33,1,Eintracht Frankfurt,False
Group G,Belgium,4,Brandon Mechele,DF,1993-01-28,33.0,9,1,Club Brugge,False
Group G,Belgium,5,Maxim De Cuyper,DF,2000-12-22,25.0,19,4,Brighton & Hove Albion,False
Group G,Belgium,6,Axel Witsel,MF,1989-01-12,37.0,138,12,Girona,False
Group G,Belgium,7,Kevin De Bruyne,MF,1991-06-28,34.0,119,37,Napoli,False
Group G,Belgium,8,Youri Tielemans,MF,1997-05-07,29.0,85,13,Aston Villa,True
Group G,Belgium,9,Romelu Lukaku,FW,1993-05-13,33.0,126,90,Napoli,False
Group G,Belgium,10,Leandro Trossard,FW,1994-12-04,31.0,51,12,Arsenal,False
Group G,Belgium,11,Jérémy Doku,FW,2002-05-27,24.0,43,7,Manchester City,False
Group G,Belgium,12,Senne Lammens,GK,2002-07-07,23.0,2,0,Manchester United,False
Group G,Belgium,13,Mike Penders,GK,2005-07-31,20.0,0,0,Strasbourg,False
Group G,Belgium,14,Dodi Lukébakio,FW,1997-09-24,28.0,30,6,Benfica,False
Group G,Belgium,15,Thomas Meunier,DF,1991-09-12,34.0,80,10,Lille,False
Group G,Belgium,16,Koni De Winter,DF,2002-06-12,23.0,8,0,Milan,False
Group G,Belgium,17,Charles De Ketelaere,FW,2001-03-10,25.0,30,6,Atalanta,False
Group G,Belgium,18,Joaquin Seys,DF,2005-03-28,21.0,5,0,Club Brugge,False
Group G,Belgium,19,Diego Moreira,MF,2004-08-06,21.0,3,0,Strasbourg,False
Group G,Belgium,20,Hans Vanaken,MF,1992-08-24,33.0,34,7,Club Brugge,False
Group G,Belgium,21,Timothy Castagne,DF,1995-12-05,30.0,63,2,Fulham,False
Group G,Belgium,22,Alexis Saelemaekers,MF,1999-06-27,26.0,24,2,Milan,False
Group G,Belgium,23,Nicolas Raskin,MF,2001-02-23,25.0,13,2,Rangers,False
Group G,Belgium,24,Amadou Onana,MF,2001-08-16,24.0,29,1,Aston Villa,False
Group G,Belgium,25,Nathan Ngoy,DF,2003-06-10,23.0,4,0,Lille,False
Group G,Belgium,26,Matias Fernandez-Pardo,FW,2005-02-03,21.0,2,0,Lille,False
Group G,Egypt,1,Mohamed El Shenawy,GK,1988-12-18,37.0,76,0,Al Ahly,False
Group G,Egypt,2,Yasser Ibrahim,DF,1993-02-10,33.0,17,1,Al Ahly,False
Group G,Egypt,3,Mohamed Hany,DF,1996-02-02,30.0,42,0,Al Ahly,False
Group G,Egypt,4,Hossam Abdelmaguid,DF,2001-04-30,25.0,13,0,Zamalek,False
Group G,Egypt,5,Ramy Rabia,DF,1993-05-20,33.0,44,5,Al Ain,False
Group G,Egypt,6,Mohamed Abdelmonem,DF,1999-02-01,27.0,36,3,Nice,False
Group G,Egypt,7,Trézéguet,FW,1994-10-01,31.0,96,23,Al Ahly,False
Group G,Egypt,8,Emam Ashour,MF,1998-02-20,28.0,29,0,Al Ahly,False
Group G,Egypt,9,Hamza Abdelkarim,FW,2008-01-01,18.0,2,0,Barcelona B,False
Group G,Egypt,10,Mohamed Salah,FW,1992-06-15,33.0,116,67,Liverpool,True
Group G,Egypt,11,Mostafa Ziko,MF,1997-04-27,29.0,2,2,Pyramids,False
Group G,Egypt,12,Haissem Hassan,FW,2002-02-08,24.0,4,0,Oviedo,False
Group G,Egypt,13,Ahmed Fatouh,DF,1998-03-22,28.0,39,1,Zamalek,False
Group G,Egypt,14,Hamdy Fathy,MF,1994-09-29,31.0,63,3,Al-Wakrah,False
Group G,Egypt,15,Karim Hafez,DF,1996-03-12,30.0,9,0,Pyramids,False
Group G,Egypt,16,El Mahdy Soliman,GK,1987-06-08,39.0,0,0,Zamalek,False
Group G,Egypt,17,Mohanad Lasheen,MF,1996-05-29,30.0,23,0,Pyramids,False
Group G,Egypt,18,Nabil Emad,MF,1996-04-06,30.0,12,0,Al-Najma,False
Group G,Egypt,19,Marwan Attia,MF,1998-08-01,27.0,34,1,Al Ahly,False
Group G,Egypt,20,Ibrahim Adel,FW,2001-04-23,25.0,24,3,Nordsjælland,False
Group G,Egypt,21,Mahmoud Saber,MF,2001-07-30,24.0,15,1,ZED,False
Group G,Egypt,22,Omar Marmoush,FW,1999-02-07,27.0,49,11,Manchester City,False
Group G,Egypt,23,Mostafa Shobeir,GK,2000-05-15,26.0,9,0,Al Ahly,False
Group G,Egypt,24,Tarek Alaa,DF,2002-01-05,24.0,3,0,ZED,False
Group G,Egypt,25,Zizo,FW,1996-01-10,30.0,63,5,Al Ahly,False
Group G,Egypt,26,Mohamed Alaa,GK,1999-01-01,27.0,0,0,El Gouna,False
Group G,Iran,1,Alireza Beiranvand,GK,1992-09-21,33.0,86,0,Tractor,False
Group G,Iran,2,Saleh Hardani,DF,1998-12-26,27.0,18,1,Esteghlal,False
Group G,Iran,3,Ehsan Hajsafi,DF,1990-02-25,36.0,146,7,Sepahan,True
Group G,Iran,4,Shojae Khalilzadeh,DF,1989-05-14,37.0,58,2,Tractor,False
Group G,Iran,5,Milad Mohammadi,DF,1993-09-29,32.0,76,1,Persepolis,False
Group G,Iran,6,Saeid Ezatolahi,MF,1996-10-01,29.0,83,2,Shabab Al Ahli,False
Group G,Iran,7,Alireza Jahanbakhsh,MF,1993-08-11,32.0,98,17,Dender,False
Group G,Iran,8,Mohammad Mohebi,MF,1998-12-20,27.0,36,14,Rostov,False
Group G,Iran,9,Mehdi Taremi,FW,1992-07-18,33.0,105,60,Olympiacos,False
Group G,Iran,10,Mehdi Ghayedi,FW,1998-12-05,27.0,30,10,Al Nasr,False
Group G,Iran,11,Ali Alipour,FW,1995-11-11,30.0,14,1,Persepolis,False
Group G,Iran,12,Payam Niazmand,GK,1995-04-06,31.0,15,0,Persepolis,False
Group G,Iran,13,Hossein Kanaanizadegan,DF,1994-03-23,32.0,65,6,Persepolis,False
Group G,Iran,14,Saman Ghoddos,MF,1993-09-06,32.0,68,3,Kalba,False
Group G,Iran,15,Rouzbeh Cheshmi,MF,1993-07-24,32.0,40,3,Esteghlal,False
Group G,Iran,16,Mehdi Torabi,MF,1994-09-10,31.0,52,7,Tractor,False
Group G,Iran,17,Aria Yousefi,DF,2002-04-22,24.0,14,1,Sepahan,False
Group G,Iran,18,Amirhossein Hosseinzadeh,FW,2000-10-30,25.0,18,5,Tractor,False
Group G,Iran,19,Ali Nemati,DF,1996-02-08,30.0,17,0,Foolad,False
Group G,Iran,20,Shahriyar Moghanlou,FW,1994-12-21,31.0,21,2,Kalba,False
Group G,Iran,21,Mohammad Ghorbani,MF,2001-10-07,24.0,16,0,Al Wahda,False
Group G,Iran,22,Hossein Hosseini,GK,1992-06-30,33.0,13,0,Sepahan,False
Group G,Iran,23,Ramin Rezaeian,DF,1990-03-21,36.0,74,8,Foolad,False
Group G,Iran,24,Dennis Eckert,FW,1997-01-09,29.0,0,0,Standard Liège,False
Group G,Iran,25,Danial Eiri,DF,2003-10-26,22.0,0,0,Malavan,False
Group G,Iran,26,Amirmohammad Razzaghinia,MF,2006-04-11,20.0,4,0,Esteghlal,False
Group G,New Zealand,1,Max Crocombe,GK,1993-08-12,32.0,24,0,Millwall,False
Group G,New Zealand,2,Tim Payne,DF,1994-01-10,32.0,51,3,Wellington Phoenix,False
Group G,New Zealand,3,Francis de Vries,DF,1994-11-28,31.0,20,1,Auckland FC,False
Group G,New Zealand,4,Tyler Bindon,DF,2005-01-27,21.0,25,3,Sheffield United,False
Group G,New Zealand,5,Michael Boxall,DF,1988-08-18,37.0,63,1,Minnesota United FC,False
Group G,New Zealand,6,Joe Bell,MF,1999-04-27,27.0,32,1,Viking,False
Group G,New Zealand,7,Matthew Garbett,MF,2002-04-13,24.0,37,5,Peterborough United,False
Group G,New Zealand,8,Marko Stamenić,MF,2002-02-19,24.0,39,3,Swansea City,False
Group G,New Zealand,9,Chris Wood,FW,1991-12-07,34.0,90,45,Nottingham Forest,True
Group G,New Zealand,10,Sarpreet Singh,MF,1999-02-20,27.0,28,3,Wellington Phoenix,False
Group G,New Zealand,11,Elijah Just,MF,2000-05-01,26.0,44,9,Motherwell,False
Group G,New Zealand,12,Alex Paulsen,GK,2002-07-04,23.0,8,0,Lechia Gdańsk,False
Group G,New Zealand,13,Liberato Cacace,DF,2000-09-27,25.0,37,1,Wrexham,False
Group G,New Zealand,14,Alex Rufer,MF,1996-06-12,29.0,26,0,Wellington Phoenix,False
Group G,New Zealand,15,Nando Pijnaker,DF,1999-02-25,27.0,25,0,Auckland FC,False
Group G,New Zealand,16,Finn Surman,DF,2003-09-23,22.0,19,2,Portland Timbers,False
Group G,New Zealand,17,Kosta Barbarouses,FW,1990-02-19,36.0,76,10,Western Sydney Wanderers,False
Group G,New Zealand,18,Ben Waine,FW,2001-06-11,25.0,31,9,Port Vale,False
Group G,New Zealand,19,Ben Old,MF,2002-08-13,23.0,24,2,Saint-Étienne,False
Group G,New Zealand,20,Callum McCowatt,MF,1999-04-30,27.0,32,4,Silkeborg,False
Group G,New Zealand,21,Jesse Randall,FW,2002-08-19,23.0,11,2,Auckland FC,False
Group G,New Zealand,22,Michael Woud,GK,1999-01-16,27.0,6,0,Auckland FC,False
Group G,New Zealand,23,Ryan Thomas,MF,1994-12-20,31.0,25,3,PEC Zwolle,False
Group G,New Zealand,24,Callan Elliot,DF,1999-07-07,26.0,11,0,Auckland FC,False
Group G,New Zealand,25,Lachlan Bayliss,MF,2002-07-24,23.0,4,0,Newcastle Jets,False
Group G,New Zealand,26,Tommy Smith,DF,1990-03-31,36.0,56,2,Braintree Town,False
Group H,Cape Verde,1,Vozinha,GK,1986-06-03,40.0,86,0,Chaves,False
Group H,Cape Verde,2,Stopira,DF,1988-05-20,38.0,62,4,Torreense,False
Group H,Cape Verde,3,Diney,DF,1995-01-17,31.0,30,2,Al Bataeh,False
Group H,Cape Verde,4,Roberto Lopes,DF,1992-06-17,33.0,45,0,Shamrock Rovers,False
Group H,Cape Verde,5,Logan Costa,DF,2001-04-01,25.0,28,0,Villarreal,False
Group H,Cape Verde,6,Kevin Pina,MF,1997-01-27,29.0,31,3,Krasnodar,False
Group H,Cape Verde,7,Jovane Cabral,MF,1998-06-14,27.0,27,2,Estrela Amadora,False
Group H,Cape Verde,8,João Paulo,MF,1998-05-26,28.0,42,1,FCSB,False
Group H,Cape Verde,9,Gilson Benchimol,FW,2001-12-29,24.0,22,6,Akron Tolyatti,False
Group H,Cape Verde,10,Jamiro Monteiro,MF,1993-11-23,32.0,55,5,PEC Zwolle,False
Group H,Cape Verde,11,Garry Rodrigues,MF,1990-11-27,35.0,60,10,Apollon Limassol,False
Group H,Cape Verde,12,Márcio Rosa,GK,1997-02-23,29.0,11,0,Montana,False
Group H,Cape Verde,13,Sidny Lopes Cabral,DF,2002-09-18,23.0,9,3,Benfica,False
Group H,Cape Verde,14,Deroy Duarte,MF,1999-07-04,26.0,30,0,Ludogorets Razgrad,False
Group H,Cape Verde,15,Laros Duarte,MF,1997-02-28,29.0,13,1,Puskás Akadémia,False
Group H,Cape Verde,16,Yannick Semedo,MF,1995-12-29,30.0,10,1,Farense,False
Group H,Cape Verde,17,Willy Semedo,MF,1994-04-27,32.0,38,3,Omonia,False
Group H,Cape Verde,18,Telmo Arcanjo,MF,2001-06-21,24.0,16,1,Vitória de Guimarães,False
Group H,Cape Verde,19,Dailon Livramento,FW,2001-05-04,25.0,22,7,Casa Pia,False
Group H,Cape Verde,20,Ryan Mendes,FW,1990-01-08,36.0,98,22,Iğdır,True
Group H,Cape Verde,21,Nuno da Costa,MF,1991-02-10,35.0,9,2,İstanbul Başakşehir,False
Group H,Cape Verde,22,Steven Moreira,DF,1994-08-13,31.0,20,0,Columbus Crew,False
Group H,Cape Verde,23,CJ dos Santos,GK,2000-08-24,25.0,1,0,San Diego FC,False
Group H,Cape Verde,24,Wagner Pina,DF,2002-11-03,23.0,13,0,Trabzonspor,False
Group H,Cape Verde,25,Kelvin Pires,DF,2000-06-05,26.0,5,1,SJK,False
Group H,Cape Verde,26,Hélio Varela,MF,2002-05-03,24.0,20,0,Maccabi Tel Aviv,False
Group H,Saudi Arabia,1,Nawaf Al-Aqidi,GK,2000-05-10,26.0,22,0,Al-Nassr,False
Group H,Saudi Arabia,2,Ali Majrashi,DF,1999-10-02,26.0,21,0,Al-Ahli,False
Group H,Saudi Arabia,3,Ali Lajami,DF,1996-04-24,30.0,21,1,Al-Hilal,False
Group H,Saudi Arabia,4,Abdulelah Al-Amri,DF,1997-01-15,29.0,42,1,Al-Nassr,False
Group H,Saudi Arabia,5,Hassan Al-Tambakti,DF,1999-02-09,27.0,51,1,Al-Hilal,False
Group H,Saudi Arabia,6,Nasser Al-Dawsari,MF,1998-12-19,27.0,43,0,Al-Hilal,False
Group H,Saudi Arabia,7,Musab Al-Juwayr,MF,2003-06-20,22.0,34,6,Al-Qadsiah,False
Group H,Saudi Arabia,8,Ayman Yahya,FW,2001-05-14,25.0,26,0,Al-Nassr,False
Group H,Saudi Arabia,9,Firas Al-Buraikan,FW,2000-05-14,26.0,69,15,Al-Ahli,False
Group H,Saudi Arabia,10,Salem Al-Dawsari,FW,1991-08-19,34.0,109,27,Al-Hilal,True
Group H,Saudi Arabia,11,Saleh Al-Shehri,FW,1993-11-01,32.0,55,18,Al-Ittihad,False
Group H,Saudi Arabia,12,Saud Abdulhamid,DF,1999-07-18,26.0,54,1,Lens,False
Group H,Saudi Arabia,13,Nawaf Boushal,DF,1999-09-16,26.0,24,0,Al-Nassr,False
Group H,Saudi Arabia,14,Hassan Kadesh,DF,1992-09-26,33.0,20,2,Al-Ittihad,False
Group H,Saudi Arabia,15,Abdullah Al-Khaibari,MF,1996-08-16,29.0,39,0,Al-Nassr,False
Group H,Saudi Arabia,16,Ziyad Al-Johani,MF,2001-11-11,24.0,12,0,Al-Ahli,False
Group H,Saudi Arabia,17,Khalid Al-Ghannam,FW,2000-11-08,25.0,6,0,Al-Ettifaq,False
Group H,Saudi Arabia,18,Alaa Al-Hejji,MF,1995-12-03,30.0,2,0,Neom,False
Group H,Saudi Arabia,19,Abdullah Al-Hamdan,FW,1999-09-13,26.0,49,12,Al-Nassr,False
Group H,Saudi Arabia,20,Sultan Mandash,FW,1994-10-17,31.0,6,2,Al-Hilal,False
Group H,Saudi Arabia,21,Mohammed Al-Owais,GK,1991-10-10,34.0,63,0,Al-Ula,False
Group H,Saudi Arabia,22,Ahmed Al-Kassar,GK,1991-05-08,35.0,9,0,Al-Qadsiah,False
Group H,Saudi Arabia,23,Mohamed Kanno,MF,1994-09-22,31.0,76,8,Al-Hilal,False
Group H,Saudi Arabia,24,Moteb Al-Harbi,DF,2000-02-20,26.0,12,0,Al-Hilal,False
Group H,Saudi Arabia,25,Jehad Thakri,DF,2001-07-21,24.0,7,0,Al-Qadsiah,False
Group H,Saudi Arabia,26,Mohammed Abu Al-Shamat,DF,2002-08-11,23.0,6,0,Al-Qadsiah,False
Group H,Spain,1,David Raya,GK,1995-09-15,30.0,13,0,Arsenal,False
Group H,Spain,2,Marc Pubill,DF,2003-06-20,22.0,2,0,Atlético Madrid,False
Group H,Spain,3,Álex Grimaldo,DF,1995-09-20,30.0,14,0,Bayer Leverkusen,False
Group H,Spain,4,Eric García,DF,2001-01-09,25.0,21,0,Barcelona,False
Group H,Spain,5,Marcos Llorente,DF,1995-01-30,31.0,24,0,Atlético Madrid,False
Group H,Spain,6,Mikel Merino,MF,1996-06-22,29.0,43,10,Arsenal,False
Group H,Spain,7,Ferran Torres,FW,2000-02-29,26.0,57,24,Barcelona,False
Group H,Spain,8,Fabián Ruiz,MF,1996-04-03,30.0,42,6,Paris Saint-Germain,False
Group H,Spain,9,Gavi,MF,2004-08-05,21.0,30,5,Barcelona,False
Group H,Spain,10,Dani Olmo,FW,1998-05-07,28.0,50,12,Barcelona,False
Group H,Spain,11,Yéremy Pino,FW,2002-10-20,23.0,23,4,Crystal Palace,False
Group H,Spain,12,Pedro Porro,DF,1999-09-13,26.0,18,0,Tottenham Hotspur,False
Group H,Spain,13,Joan Garcia,GK,2001-05-04,25.0,2,0,Barcelona,False
Group H,Spain,14,Aymeric Laporte,DF,1994-05-27,32.0,46,2,Athletic Bilbao,False
Group H,Spain,15,Álex Baena,MF,2001-07-20,24.0,17,2,Atlético Madrid,False
Group H,Spain,16,Rodri,MF,1996-06-22,29.0,62,4,Manchester City,True
Group H,Spain,17,Nico Williams,FW,2002-07-12,23.0,30,6,Athletic Bilbao,False
Group H,Spain,18,Martín Zubimendi,MF,1999-02-02,27.0,26,3,Arsenal,False
Group H,Spain,19,Lamine Yamal,FW,2007-07-13,18.0,25,6,Barcelona,False
Group H,Spain,20,Pedri,MF,2002-11-25,23.0,41,6,Barcelona,False
Group H,Spain,21,Mikel Oyarzabal,FW,1997-04-21,29.0,53,25,Real Sociedad,False
Group H,Spain,22,Pau Cubarsí,DF,2007-01-22,19.0,12,0,Barcelona,False
Group H,Spain,23,Unai Simón,GK,1997-06-11,29.0,58,0,Athletic Bilbao,False
Group H,Spain,24,Marc Cucurella,DF,1998-07-22,27.0,24,1,Chelsea,False
Group H,Spain,25,Víctor Muñoz,FW,2003-07-13,22.0,2,1,Osasuna,False
Group H,Spain,26,Borja Iglesias,FW,1993-01-17,33.0,8,0,Celta Vigo,False
Group H,Uruguay,1,Sergio Rochet,GK,1993-03-23,33.0,35,0,Internacional,False
Group H,Uruguay,2,José Giménez,DF,1995-01-20,31.0,99,8,Atlético Madrid,True
Group H,Uruguay,3,Sebastián Cáceres,DF,1999-08-18,26.0,24,0,América,False
Group H,Uruguay,4,Ronald Araújo,DF,1999-03-07,27.0,27,1,Barcelona,False
Group H,Uruguay,5,Manuel Ugarte,MF,2001-04-11,25.0,36,1,Manchester United,False
Group H,Uruguay,6,Rodrigo Bentancur,MF,1997-06-25,28.0,74,3,Tottenham Hotspur,False
Group H,Uruguay,7,Nicolás de la Cruz,MF,1997-06-01,29.0,34,5,Flamengo,False
Group H,Uruguay,8,Federico Valverde,MF,1998-07-22,27.0,73,9,Real Madrid,False
Group H,Uruguay,9,Darwin Núñez,FW,1999-06-24,26.0,38,13,Al-Hilal,False
Group H,Uruguay,10,Giorgian de Arrascaeta,MF,1994-06-01,32.0,60,13,Flamengo,False
Group H,Uruguay,11,Facundo Pellistri,FW,2001-12-20,24.0,39,2,Panathinaikos,False
Group H,Uruguay,12,Santiago Mele,GK,1997-09-06,28.0,8,0,Monterrey,False
Group H,Uruguay,13,Guillermo Varela,DF,1993-03-24,33.0,28,0,Flamengo,False
Group H,Uruguay,14,Agustín Canobbio,MF,1998-10-01,27.0,15,1,Fluminense,False
Group H,Uruguay,15,Emiliano Martínez,MF,1999-08-17,26.0,10,0,Palmeiras,False
Group H,Uruguay,16,Mathías Olivera,DF,1997-10-31,28.0,35,2,Napoli,False
Group H,Uruguay,17,Matías Viña,DF,1997-11-09,28.0,43,1,River Plate,False
Group H,Uruguay,18,Brian Rodríguez,FW,2000-05-20,26.0,32,4,América,False
Group H,Uruguay,19,Rodrigo Aguirre,FW,1994-10-01,31.0,10,3,UANL,False
Group H,Uruguay,20,Maximiliano Araújo,MF,2000-02-15,26.0,28,3,Sporting CP,False
Group H,Uruguay,21,Federico Viñas,FW,1998-06-30,27.0,11,2,Oviedo,False
Group H,Uruguay,22,Joaquín Piquerez,MF,1998-08-24,27.0,19,0,Palmeiras,False
Group H,Uruguay,23,Fernando Muslera,GK,1986-06-16,39.0,134,0,Estudiantes,False
Group H,Uruguay,24,Santiago Bueno,DF,1998-11-09,27.0,8,0,Wolverhampton Wanderers,False
Group H,Uruguay,25,Juan Manuel Sanabria,MF,2000-03-29,26.0,5,1,Real Salt Lake,False
Group H,Uruguay,26,Rodrigo Zalazar,MF,1999-08-12,26.0,8,2,Braga,False
Group I,France,1,Brice Samba,GK,1994-04-25,32.0,4,0,Rennes,False
Group I,France,2,Malo Gusto,DF,2003-05-19,23.0,11,0,Chelsea,False
Group I,France,3,Lucas Digne,DF,1993-07-20,32.0,58,0,Aston Villa,False
Group I,France,4,Dayot Upamecano,DF,1998-10-27,27.0,38,2,Bayern Munich,False
Group I,France,5,Jules Koundé,DF,1998-11-12,27.0,48,0,Barcelona,False
Group I,France,6,Manu Koné,MF,2001-05-17,25.0,14,0,Roma,False
Group I,France,7,Ousmane Dembélé,FW,1997-05-15,29.0,59,7,Paris Saint-Germain,False
Group I,France,8,Aurélien Tchouaméni,MF,2000-01-27,26.0,46,3,Real Madrid,False
Group I,France,9,Marcus Thuram,FW,1997-08-06,28.0,34,3,Inter Milan,False
Group I,France,10,Kylian Mbappé,FW,1998-12-20,27.0,98,56,Real Madrid,True
Group I,France,11,Michael Olise,FW,2001-12-12,24.0,17,7,Bayern Munich,False
Group I,France,12,Bradley Barcola,FW,2002-09-02,23.0,20,3,Paris Saint-Germain,False
Group I,France,13,N'Golo Kanté,MF,1991-03-29,35.0,69,2,Fenerbahçe,False
Group I,France,14,Adrien Rabiot,MF,1995-04-03,31.0,59,7,Milan,False
Group I,France,15,Ibrahima Konaté,DF,1999-05-25,27.0,28,0,Liverpool,False
Group I,France,16,Mike Maignan,GK,1995-07-03,30.0,40,0,Milan,False
Group I,France,17,William Saliba,DF,2001-03-24,25.0,32,0,Arsenal,False
Group I,France,18,Warren Zaïre-Emery,MF,2006-03-08,20.0,11,1,Paris Saint-Germain,False
Group I,France,19,Théo Hernandez,DF,1997-10-06,28.0,44,2,Al-Hilal,False
Group I,France,20,Désiré Doué,FW,2005-06-03,21.0,7,2,Paris Saint-Germain,False
Group I,France,21,Lucas Hernandez,DF,1996-02-14,30.0,42,0,Paris Saint-Germain,False
Group I,France,22,Jean-Philippe Mateta,FW,1997-06-28,28.0,4,2,Crystal Palace,False
Group I,France,23,Robin Risser,GK,2004-12-02,21.0,0,0,Lens,False
Group I,France,24,Rayan Cherki,MF,2003-08-17,22.0,7,2,Manchester City,False
Group I,France,25,Maghnes Akliouche,MF,2002-02-25,24.0,9,1,Monaco,False
Group I,France,26,Maxence Lacroix,DF,2000-04-06,26.0,4,0,Crystal Palace,False
Group I,Iraq,1,Fahad Talib,GK,1994-10-21,31.0,21,0,Al-Talaba,False
Group I,Iraq,2,Rebin Sulaka,DF,1992-04-12,34.0,55,1,Port,False
Group I,Iraq,3,Hussein Ali,DF,2002-03-01,24.0,26,1,Pogoń Szczecin,False
Group I,Iraq,4,Zaid Tahseen,DF,2001-01-29,25.0,27,1,Pakhtakor,False
Group I,Iraq,5,Akam Hashim,DF,1998-08-16,27.0,13,1,Al-Zawraa,False
Group I,Iraq,6,Manaf Younis,DF,1996-11-16,29.0,33,1,Al-Shorta,False
Group I,Iraq,7,Youssef Amyn,MF,2003-08-21,22.0,26,2,AEK Larnaca,False
Group I,Iraq,8,Ibrahim Bayesh,MF,2000-05-01,26.0,75,8,Al Dhafra,False
Group I,Iraq,9,Ali Al-Hamadi,FW,2002-03-01,24.0,19,5,Luton Town,False
Group I,Iraq,10,Mohanad Ali,FW,2000-06-20,25.0,71,27,Dibba,False
Group I,Iraq,11,Ahmed Qasem,FW,2003-07-12,22.0,2,0,Nashville SC,False
Group I,Iraq,12,Jalal Hassan,GK,1991-05-18,35.0,101,0,Al-Zawraa,True
Group I,Iraq,13,Ali Yousif,FW,1996-01-19,30.0,6,1,Al-Talaba,False
Group I,Iraq,14,Zidane Iqbal,MF,2003-04-27,23.0,24,2,Utrecht,False
Group I,Iraq,15,Ahmed Maknzi,DF,2001-09-24,24.0,6,0,Al-Karma,False
Group I,Iraq,16,Amir Al-Ammari,MF,1997-07-27,28.0,50,3,Cracovia,False
Group I,Iraq,17,Ali Jasim,FW,2004-01-20,22.0,36,2,Al-Najma,False
Group I,Iraq,18,Aymen Hussein,FW,1996-03-22,30.0,94,33,Al-Karma,False
Group I,Iraq,19,Kevin Yakob,MF,2000-10-10,25.0,8,0,AGF,False
Group I,Iraq,20,Aimar Sher,MF,2002-12-20,23.0,6,0,Sarpsborg 08,False
Group I,Iraq,21,Marko Farji,FW,2004-03-16,22.0,11,0,Venezia,False
Group I,Iraq,22,Ahmed Basil,GK,1996-08-19,29.0,15,0,Al-Shorta,False
Group I,Iraq,23,Merchas Doski,DF,1999-12-07,26.0,31,1,Viktoria Plzeň,False
Group I,Iraq,24,Zaid Ismail,MF,2002-01-03,24.0,6,0,Al-Talaba,False
Group I,Iraq,25,Mustafa Saadoon,DF,2001-05-25,25.0,16,0,Al-Shorta,False
Group I,Iraq,26,Frans Putros,DF,1993-07-14,32.0,27,0,Persib,False
Group I,Norway,1,Ørjan Nyland,GK,1990-09-10,35.0,71,0,Sevilla,False
Group I,Norway,2,Morten Thorsby,MF,1996-05-05,30.0,31,0,Cremonese,False
Group I,Norway,3,Kristoffer Ajer,DF,1998-04-17,28.0,52,2,Brentford,False
Group I,Norway,4,Leo Østigård,DF,1999-11-28,26.0,38,1,Genoa,False
Group I,Norway,5,David Møller Wolfe,DF,2002-04-23,24.0,22,1,Wolverhampton Wanderers,False
Group I,Norway,6,Patrick Berg,MF,1997-11-24,28.0,43,0,Bodø/Glimt,False
Group I,Norway,7,Alexander Sørloth,FW,1995-12-05,30.0,72,26,Atlético Madrid,False
Group I,Norway,8,Sander Berge,MF,1998-02-14,28.0,66,1,Fulham,False
Group I,Norway,9,Erling Haaland,FW,2000-07-21,25.0,50,55,Manchester City,False
Group I,Norway,10,Martin Ødegaard,MF,1998-12-17,27.0,68,5,Arsenal,True
Group I,Norway,11,Jørgen Strand Larsen,FW,2000-02-06,26.0,28,6,Crystal Palace,False
Group I,Norway,12,Sander Tangvik,GK,2002-11-29,23.0,0,0,Hamburger SV,False
Group I,Norway,13,Egil Selvik,GK,1997-07-30,28.0,7,0,Watford,False
Group I,Norway,14,Fredrik Aursnes,MF,1995-12-10,30.0,22,1,Benfica,False
Group I,Norway,15,Fredrik André Bjørkan,DF,1998-08-21,27.0,21,1,Bodø/Glimt,False
Group I,Norway,16,Marcus Holmgren Pedersen,DF,2000-07-16,25.0,32,0,Torino,False
Group I,Norway,17,Torbjørn Heggem,DF,1999-01-12,27.0,15,0,Bologna,False
Group I,Norway,18,Kristian Thorstvedt,MF,1999-03-13,27.0,37,4,Sassuolo,False
Group I,Norway,19,Thelo Aasgaard,MF,2002-05-02,24.0,8,5,Rangers,False
Group I,Norway,20,Antonio Nusa,FW,2005-04-17,21.0,24,8,RB Leipzig,False
Group I,Norway,21,Andreas Schjelderup,MF,2004-06-01,22.0,12,1,Benfica,False
Group I,Norway,22,Oscar Bobb,MF,2003-07-12,22.0,20,2,Fulham,False
Group I,Norway,23,Jens Petter Hauge,MF,1999-10-12,26.0,15,1,Bodø/Glimt,False
Group I,Norway,24,Sondre Langås,DF,2001-02-02,25.0,3,0,Derby County,False
Group I,Norway,25,Henrik Falchener,DF,2003-05-08,23.0,1,0,Viking,False
Group I,Norway,26,Julian Ryerson,FW,1997-11-17,28.0,43,1,Borussia Dortmund,False
Group I,Senegal,1,Yehvann Diouf,GK,1999-11-16,26.0,2,0,Nice,False
Group I,Senegal,2,Mamadou Sarr,DF,2005-08-29,20.0,7,0,Chelsea,False
Group I,Senegal,3,Kalidou Koulibaly,DF,1991-06-20,34.0,102,2,Al-Hilal,True
Group I,Senegal,4,Abdoulaye Seck,DF,1992-06-04,34.0,22,4,Maccabi Haifa,False
Group I,Senegal,5,Idrissa Gueye,MF,1989-09-26,36.0,130,7,Everton,False
Group I,Senegal,6,Pathé Ciss,MF,1994-03-16,32.0,29,0,Rayo Vallecano,False
Group I,Senegal,7,Assane Diao,FW,2005-09-07,20.0,5,0,Como,False
Group I,Senegal,8,Lamine Camara,MF,2004-01-01,22.0,32,7,Monaco,False
Group I,Senegal,9,Bamba Dieng,FW,2000-03-23,26.0,22,2,Lorient,False
Group I,Senegal,10,Sadio Mané,FW,1992-04-10,34.0,127,55,Al-Nassr,False
Group I,Senegal,11,Nicolas Jackson,FW,2001-06-20,24.0,32,8,Bayern Munich,False
Group I,Senegal,12,Cherif Ndiaye,FW,1996-01-23,30.0,18,4,Samsunspor,False
Group I,Senegal,13,Iliman Ndiaye,FW,2000-03-06,26.0,39,4,Everton,False
Group I,Senegal,14,Ismail Jakobs,DF,1999-08-17,26.0,29,0,Galatasaray,False
Group I,Senegal,15,Krépin Diatta,DF,1999-02-25,27.0,60,2,Monaco,False
Group I,Senegal,16,Édouard Mendy,GK,1992-03-01,34.0,56,0,Al-Ahli,False
Group I,Senegal,17,Pape Matar Sarr,MF,2002-09-14,23.0,39,4,Tottenham Hotspur,False
Group I,Senegal,18,Ismaïla Sarr,FW,1998-02-25,28.0,82,19,Crystal Palace,False
Group I,Senegal,19,Moussa Niakhaté,DF,1996-03-08,30.0,30,0,Lyon,False
Group I,Senegal,20,Ibrahim Mbaye,FW,2008-01-24,18.0,10,3,Paris Saint-Germain,False
Group I,Senegal,21,Habib Diarra,MF,2004-01-03,22.0,20,4,Sunderland,False
Group I,Senegal,22,Bara Sapoko Ndiaye,MF,2007-12-31,18.0,1,0,Bayern Munich,False
Group I,Senegal,23,Mory Diaw,GK,1993-06-22,32.0,5,0,Le Havre,False
Group I,Senegal,24,Antoine Mendy,DF,2004-05-27,22.0,6,0,Nice,False
Group I,Senegal,25,El Hadji Malick Diouf,DF,2004-12-29,21.0,19,1,West Ham United,False
Group I,Senegal,26,Pape Gueye,MF,1999-01-24,27.0,41,5,Villarreal,False
Group J,Algeria,1,Melvin Mastil,GK,2000-02-19,26.0,1,0,Stade Nyonnais,False
Group J,Algeria,2,Aïssa Mandi,DF,1991-10-22,34.0,117,7,Lille,False
Group J,Algeria,3,Achref Abada,DF,1999-06-15,26.0,7,1,USM Alger,False
Group J,Algeria,4,Mohamed Amine Tougai,DF,2000-01-22,26.0,29,2,Espérance de Tunis,False
Group J,Algeria,5,Zineddine Belaïd,DF,1999-03-20,27.0,10,1,JS Kabylie,False
Group J,Algeria,6,Ramiz Zerrouki,MF,1998-05-26,28.0,52,3,Twente,False
Group J,Algeria,7,Riyad Mahrez,FW,1991-02-21,35.0,114,38,Al-Ahli,True
Group J,Algeria,8,Houssem Aouar,MF,1998-06-30,27.0,20,6,Al-Ittihad,False
Group J,Algeria,9,Amine Gouiri,FW,2000-02-16,26.0,22,8,Marseille,False
Group J,Algeria,10,Farès Chaïbi,MF,2002-11-28,23.0,29,3,Eintracht Frankfurt,False
Group J,Algeria,11,Anis Hadj Moussa,FW,2002-02-11,24.0,14,1,Feyenoord,False
Group J,Algeria,12,Nadhir Benbouali,FW,2000-04-17,26.0,3,1,Győri ETO,False
Group J,Algeria,13,Jaouen Hadjam,DF,2003-03-26,23.0,17,3,Young Boys,False
Group J,Algeria,14,Hicham Boudaoui,MF,1999-09-23,26.0,32,0,Nice,False
Group J,Algeria,15,Rayan Aït-Nouri,DF,2001-06-06,25.0,28,0,Manchester City,False
Group J,Algeria,16,Oussama Benbot,GK,1994-10-11,31.0,2,0,USM Alger,False
Group J,Algeria,17,Rafik Belghali,DF,2002-06-07,24.0,12,1,Hellas Verona,False
Group J,Algeria,18,Mohamed Amoura,FW,2000-05-09,26.0,45,19,VfL Wolfsburg,False
Group J,Algeria,19,Nabil Bentaleb,MF,1994-11-24,31.0,59,6,Lille,False
Group J,Algeria,20,Adil Boulbina,FW,2003-05-02,23.0,11,6,Al-Duhail,False
Group J,Algeria,21,Ramy Bensebaini,DF,1995-04-16,31.0,81,7,Borussia Dortmund,False
Group J,Algeria,22,Ibrahim Maza,MF,2005-11-24,20.0,16,2,Bayer Leverkusen,False
Group J,Algeria,23,Luca Zidane,GK,1998-05-13,28.0,7,0,Granada,False
Group J,Algeria,24,Yacine Titraoui,MF,2003-08-26,22.0,5,0,Charleroi,False
Group J,Algeria,25,Farès Ghedjemis,FW,2002-09-06,23.0,1,1,Frosinone,False
Group J,Algeria,26,Samir Chergui,DF,1999-02-06,27.0,4,0,Paris FC,False
Group J,Argentina,1,Juan Musso,GK,1994-05-06,32.0,4,0,Atlético Madrid,False
Group J,Argentina,3,Nicolás Tagliafico,DF,1992-08-31,33.0,76,1,Lyon,False
Group J,Argentina,4,Gonzalo Montiel,DF,1997-01-01,29.0,38,2,River Plate,False
Group J,Argentina,5,Leandro Paredes,MF,1994-06-29,31.0,77,5,Boca Juniors,False
Group J,Argentina,6,Lisandro Martínez,DF,1998-01-18,28.0,27,1,Manchester United,False
Group J,Argentina,7,Rodrigo De Paul,MF,1994-05-24,32.0,86,2,Inter Miami CF,False
Group J,Argentina,8,Valentín Barco,MF,2004-07-23,21.0,3,1,Strasbourg,False
Group J,Argentina,9,Julián Alvarez,FW,2000-01-31,26.0,51,14,Atlético Madrid,False
Group J,Argentina,10,Lionel Messi,FW,1987-06-24,38.0,198,116,Inter Miami CF,True
Group J,Argentina,11,Giovani Lo Celso,MF,1996-04-09,30.0,66,4,Real Betis,False
Group J,Argentina,12,Gerónimo Rulli,GK,1992-05-20,34.0,7,0,Marseille,False
Group J,Argentina,13,Cristian Romero,DF,1998-04-27,28.0,50,3,Tottenham Hotspur,False
Group J,Argentina,14,Exequiel Palacios,MF,1998-10-05,27.0,39,0,Bayer Leverkusen,False
Group J,Argentina,15,Nicolás González,MF,1998-04-06,28.0,50,6,Atlético Madrid,False
Group J,Argentina,16,Thiago Almada,FW,2001-04-26,25.0,15,4,Atlético Madrid,False
Group J,Argentina,17,Giuliano Simeone,FW,2002-12-18,23.0,12,2,Atlético Madrid,False
Group J,Argentina,18,Nico Paz,FW,2004-09-08,21.0,8,1,Como,False
Group J,Argentina,19,Nicolás Otamendi,DF,1988-02-12,38.0,131,8,Benfica,False
Group J,Argentina,20,Alexis Mac Allister,MF,1998-12-24,27.0,45,6,Liverpool,False
Group J,Argentina,21,José Manuel López,FW,2000-12-06,25.0,4,0,Palmeiras,False
Group J,Argentina,22,Lautaro Martínez,FW,1997-08-22,28.0,76,37,Inter Milan,False
Group J,Argentina,23,Emiliano Martínez,GK,1992-09-02,33.0,59,0,Aston Villa,False
Group J,Argentina,24,Enzo Fernández,MF,2001-01-17,25.0,41,6,Chelsea,False
Group J,Argentina,25,Facundo Medina,DF,1999-05-28,27.0,8,0,Marseille,False
Group J,Argentina,26,Nahuel Molina,DF,1998-04-06,28.0,58,1,Atlético Madrid,False
Group J,Austria,1,Alexander Schlager,GK,1996-02-01,30.0,26,0,Red Bull Salzburg,False
Group J,Austria,2,David Affengruber,DF,2001-03-19,25.0,1,0,Elche,False
Group J,Austria,3,Kevin Danso,DF,1998-09-19,27.0,32,0,Tottenham Hotspur,False
Group J,Austria,4,Xaver Schlager,MF,1997-09-28,28.0,51,4,RB Leipzig,False
Group J,Austria,5,Stefan Posch,DF,1997-05-14,29.0,52,5,Mainz 05,False
Group J,Austria,6,Nicolas Seiwald,MF,2001-05-04,25.0,47,1,RB Leipzig,False
Group J,Austria,7,Marko Arnautović,FW,1989-04-19,37.0,133,47,Red Star Belgrade,False
Group J,Austria,8,David Alaba,DF,1992-06-24,33.0,113,15,Real Madrid,True
Group J,Austria,9,Marcel Sabitzer,MF,1994-03-17,32.0,98,26,Borussia Dortmund,False
Group J,Austria,10,Florian Grillitsch,MF,1995-08-07,30.0,58,1,Braga,False
Group J,Austria,11,Michael Gregoritsch,FW,1994-04-18,32.0,75,24,FC Augsburg,False
Group J,Austria,12,Florian Wiegele,GK,2001-03-21,25.0,1,0,Viktoria Plzeň,False
Group J,Austria,13,Patrick Pentz,GK,1997-01-02,29.0,18,0,Brøndby,False
Group J,Austria,14,Saša Kalajdžić,FW,1997-07-07,28.0,22,4,LASK,False
Group J,Austria,15,Philipp Lienhart,DF,1996-07-11,29.0,41,3,SC Freiburg,False
Group J,Austria,16,Phillipp Mwene,DF,1994-01-29,32.0,30,0,Mainz 05,False
Group J,Austria,17,Carney Chukwuemeka,MF,2003-10-20,22.0,3,1,Borussia Dortmund,False
Group J,Austria,18,Romano Schmid,MF,2000-01-27,26.0,34,3,Werder Bremen,False
Group J,Austria,20,Konrad Laimer,MF,1997-05-27,29.0,57,7,Bayern Munich,False
Group J,Austria,21,Patrick Wimmer,FW,2001-05-30,25.0,30,1,VfL Wolfsburg,False
Group J,Austria,22,Alexander Prass,MF,2001-05-26,25.0,19,0,TSG Hoffenheim,False
Group J,Austria,23,Marco Friedl,DF,1998-03-16,28.0,11,0,Werder Bremen,False
Group J,Austria,24,Paul Wanner,MF,2005-12-23,20.0,3,0,PSV Eindhoven,False
Group J,Austria,25,Michael Svoboda,DF,1998-10-15,27.0,4,0,Venezia,False
Group J,Austria,26,Alessandro Schöpf,MF,1994-02-07,32.0,35,6,Wolfsberger AC,False
Group J,Jordan,1,Yazeed Abulaila,GK,1993-01-08,33.0,76,0,Al-Hussein,False
Group J,Jordan,2,Mohammad Abu Hashish,DF,1995-05-09,31.0,56,1,Al-Karma,False
Group J,Jordan,3,Abdallah Nasib,DF,1994-02-25,32.0,65,3,Al-Zawraa,False
Group J,Jordan,4,Husam Abu Dahab,DF,2000-05-13,26.0,18,0,Al-Faisaly,False
Group J,Jordan,5,Yazan Al-Arab,DF,1996-01-31,30.0,80,3,FC Seoul,False
Group J,Jordan,6,Amer Jamous,MF,2002-07-03,23.0,19,1,Al-Zawraa,False
Group J,Jordan,7,Mohammad Abu Zrayq,FW,1997-12-30,28.0,41,5,Raja Casablanca,False
Group J,Jordan,8,Noor Al-Rawabdeh,MF,1997-02-24,29.0,68,3,Selangor,False
Group J,Jordan,9,Ali Olwan,FW,2000-03-26,26.0,66,29,Al-Sailiya,False
Group J,Jordan,10,Musa Al-Taamari,FW,1997-06-10,29.0,92,24,Rennes,False
Group J,Jordan,11,Odeh Al-Fakhouri,FW,2005-11-22,20.0,10,1,Pyramids,False
Group J,Jordan,12,Nour Bani Attiah,GK,1993-01-25,33.0,5,0,Al-Faisaly,False
Group J,Jordan,13,Mahmoud Al-Mardi,FW,1993-10-06,32.0,89,9,Al-Hussein,False
Group J,Jordan,14,Rajaei Ayed,MF,1993-07-25,32.0,72,0,Al-Hussein,False
Group J,Jordan,15,Ibrahim Sadeh,MF,2000-04-27,26.0,57,3,Al-Karma,False
Group J,Jordan,16,Mo Abualnadi,DF,2001-02-08,25.0,18,0,Selangor,False
Group J,Jordan,17,Salim Obaid,DF,1992-01-17,34.0,11,0,Al-Hussein,False
Group J,Jordan,18,Mohammad Taha,DF,2005-07-13,20.0,2,0,Al-Hussein,False
Group J,Jordan,19,Saed Al-Rosan,DF,1997-02-01,29.0,21,2,Al-Hussein,False
Group J,Jordan,20,Mohannad Abu Taha,MF,2003-02-02,23.0,29,1,Al-Quwa Al-Jawiya,False
Group J,Jordan,21,Nizar Al-Rashdan,MF,1999-03-23,27.0,47,4,Qatar SC,False
Group J,Jordan,22,Abdallah Al-Fakhouri,GK,2000-01-22,26.0,11,0,Al-Wehdat,False
Group J,Jordan,23,Ihsan Haddad,DF,1994-02-05,32.0,92,2,Al-Hussein,True
Group J,Jordan,24,Ali Azaizeh,FW,2004-04-13,22.0,4,0,Al-Shabab,False
Group J,Jordan,25,Mohammad Al-Dawoud,MF,1992-04-12,34.0,13,1,Al-Wehdat,False
Group J,Jordan,26,Anas Badawi,DF,1997-09-13,28.0,1,0,Al-Faisaly,False
Group K,Colombia,1,David Ospina,GK,1988-08-31,37.0,130,0,Atlético Nacional,False
Group K,Colombia,2,Daniel Muñoz,DF,1996-05-26,30.0,46,3,Crystal Palace,False
Group K,Colombia,3,Jhon Lucumí,DF,1998-06-26,27.0,37,1,Bologna,False
Group K,Colombia,4,Santiago Arias,DF,1992-01-13,34.0,68,0,Independiente,False
Group K,Colombia,5,Kevin Castaño,MF,2000-09-29,25.0,25,0,River Plate,False
Group K,Colombia,6,Richard Ríos,MF,2000-06-02,26.0,32,2,Benfica,False
Group K,Colombia,7,Luis Díaz,FW,1997-01-13,29.0,74,22,Bayern Munich,False
Group K,Colombia,8,Jorge Carrascal,MF,1998-05-25,28.0,24,2,Flamengo,False
Group K,Colombia,9,Jhon Córdoba,FW,1993-05-11,33.0,21,6,Krasnodar,False
Group K,Colombia,10,James Rodríguez,MF,1991-07-12,34.0,126,31,Minnesota United FC,True
Group K,Colombia,11,Jhon Arias,MF,1997-09-21,28.0,38,6,Palmeiras,False
Group K,Colombia,12,Camilo Vargas,GK,1989-03-09,37.0,42,0,Atlas,False
Group K,Colombia,13,Yerry Mina,DF,1994-09-23,31.0,54,8,Cagliari,False
Group K,Colombia,14,Gustavo Puerta,DF,2003-07-23,22.0,6,1,Racing Santander,False
Group K,Colombia,15,Juan Portilla,MF,1998-09-12,27.0,10,0,Athletico Paranaense,False
Group K,Colombia,16,Jefferson Lerma,MF,1994-10-25,31.0,65,5,Crystal Palace,False
Group K,Colombia,17,Johan Mojica,DF,1992-08-21,33.0,45,1,Mallorca,False
Group K,Colombia,18,Willer Ditta,DF,1998-01-23,28.0,5,0,Cruz Azul,False
Group K,Colombia,19,Cucho Hernández,FW,1999-04-20,27.0,9,2,Real Betis,False
Group K,Colombia,20,Juan Fernando Quintero,MF,1993-01-18,33.0,49,6,River Plate,False
Group K,Colombia,21,Jaminton Campaz,FW,2000-05-24,26.0,10,1,Rosario Central,False
Group K,Colombia,22,Deiver Machado,DF,1993-09-02,32.0,15,0,Nantes,False
Group K,Colombia,23,Davinson Sánchez,DF,1996-06-12,29.0,79,4,Galatasaray,False
Group K,Colombia,24,Álvaro Montero,GK,1995-03-29,31.0,12,0,Vélez Sarsfield,False
Group K,Colombia,25,Luis Suárez,FW,1997-12-02,28.0,12,5,Sporting CP,False
Group K,Colombia,26,Andrés Gómez,FW,2002-09-12,23.0,8,2,Vasco da Gama,False
Group K,DR Congo,1,Lionel Mpasi,GK,1994-08-01,31.0,28,0,Le Havre,False
Group K,DR Congo,2,Aaron Wan-Bissaka,DF,1997-11-26,28.0,11,0,West Ham United,False
Group K,DR Congo,3,Steve Kapuadi,DF,1998-04-30,28.0,4,0,Widzew Łódź,False
Group K,DR Congo,4,Axel Tuanzebe,DF,1997-11-14,28.0,13,1,Burnley,False
Group K,DR Congo,5,Dylan Batubinsika,DF,1996-02-15,30.0,14,1,AEL,False
Group K,DR Congo,6,Ngal'ayel Mukau,MF,2004-11-03,21.0,13,0,Lille,False
Group K,DR Congo,7,Nathanaël Mbuku,MF,2002-03-16,24.0,18,2,Montpellier,False
Group K,DR Congo,8,Samuel Moutoussamy,MF,1996-08-12,29.0,57,0,Atromitos,False
Group K,DR Congo,9,Brian Cipenga,FW,1998-03-11,28.0,7,0,Castellón,False
Group K,DR Congo,10,Théo Bongonda,MF,1995-11-20,30.0,37,7,Spartak Moscow,False
Group K,DR Congo,11,Gaël Kakuta,FW,1991-06-21,34.0,30,5,AEL,False
Group K,DR Congo,12,Joris Kayembe,DF,1994-08-08,31.0,25,0,Genk,False
Group K,DR Congo,13,Meschak Elia,FW,1997-08-06,28.0,68,12,Alanyaspor,False
Group K,DR Congo,14,Noah Sadiki,MF,2004-12-17,21.0,19,0,Sunderland,False
Group K,DR Congo,15,Aaron Tshibola,MF,1995-01-02,31.0,16,1,Kilmarnock,False
Group K,DR Congo,16,Timothy Fayulu,GK,1999-07-24,26.0,3,0,Noah,False
Group K,DR Congo,17,Cédric Bakambu,FW,1991-04-11,35.0,69,21,Real Betis,False
Group K,DR Congo,18,Charles Pickel,MF,1997-05-15,29.0,34,1,Espanyol,False
Group K,DR Congo,19,Fiston Mayele,FW,1994-06-24,31.0,37,6,Pyramids,False
Group K,DR Congo,20,Yoane Wissa,FW,1996-09-03,29.0,37,9,Newcastle United,False
Group K,DR Congo,21,Matthieu Epolo,GK,2005-01-15,21.0,1,0,Standard Liège,False
Group K,DR Congo,22,Chancel Mbemba,DF,1994-08-08,31.0,108,7,Lille,True
Group K,DR Congo,23,Simon Banza,FW,1996-08-13,29.0,15,2,Al Jazira,False
Group K,DR Congo,24,Gédéon Kalulu,DF,1997-08-29,28.0,28,0,Aris Limassol,False
Group K,DR Congo,25,Edo Kayembe,MF,1998-06-03,28.0,42,2,Watford,False
Group K,DR Congo,26,Arthur Masuaku,DF,1993-11-07,32.0,45,4,Lens,False
Group K,Portugal,1,Diogo Costa,GK,1999-09-19,26.0,42,0,Porto,False
Group K,Portugal,2,Nélson Semedo,DF,1993-11-16,32.0,49,0,Fenerbahçe,False
Group K,Portugal,3,Rúben Dias,DF,1997-05-14,29.0,75,3,Manchester City,False
Group K,Portugal,4,Tomás Araújo,DF,2002-05-16,24.0,4,0,Benfica,False
Group K,Portugal,5,Diogo Dalot,DF,1999-03-18,27.0,34,3,Manchester United,False
Group K,Portugal,6,Matheus Nunes,MF,1998-08-27,27.0,19,2,Manchester City,False
Group K,Portugal,7,Cristiano Ronaldo,FW,1985-02-05,41.0,227,143,Al-Nassr,True
Group K,Portugal,8,Bruno Fernandes,MF,1994-09-08,31.0,88,29,Manchester United,False
Group K,Portugal,9,Gonçalo Ramos,FW,2001-06-20,24.0,24,10,Paris Saint-Germain,False
Group K,Portugal,10,Bernardo Silva,MF,1994-08-10,31.0,108,14,Manchester City,False
Group K,Portugal,11,João Félix,FW,1999-11-10,26.0,53,12,Al-Nassr,False
Group K,Portugal,12,José Sá,GK,1993-01-17,33.0,5,0,Wolverhampton Wanderers,False
Group K,Portugal,13,Renato Veiga,DF,2003-07-29,22.0,12,1,Villarreal,False
Group K,Portugal,14,Gonçalo Inácio,DF,2001-08-25,24.0,21,2,Sporting CP,False
Group K,Portugal,15,João Neves,MF,2004-09-27,21.0,21,3,Paris Saint-Germain,False
Group K,Portugal,16,Francisco Trincão,FW,1999-12-29,26.0,17,3,Sporting CP,False
Group K,Portugal,17,Rafael Leão,FW,1999-06-10,27.0,44,5,Milan,False
Group K,Portugal,18,Pedro Neto,FW,2000-03-09,26.0,24,2,Chelsea,False
Group K,Portugal,19,Gonçalo Guedes,FW,1996-11-29,29.0,34,8,Real Sociedad,False
Group K,Portugal,20,João Cancelo,DF,1994-05-27,32.0,67,12,Barcelona,False
Group K,Portugal,21,Rúben Neves,MF,1997-03-13,29.0,66,1,Al-Hilal,False
Group K,Portugal,22,Rui Silva,GK,1994-02-07,32.0,3,0,Sporting CP,False
Group K,Portugal,23,Vitinha,MF,2000-02-13,26.0,37,0,Paris Saint-Germain,False
Group K,Portugal,24,Samú Costa,DF,2000-11-27,25.0,5,0,Mallorca,False
Group K,Portugal,25,Nuno Mendes,DF,2002-06-19,23.0,43,1,Paris Saint-Germain,False
Group K,Portugal,26,Francisco Conceição,FW,2002-12-14,23.0,16,3,Juventus,False
Group K,Uzbekistan,1,Utkir Yusupov,GK,1991-01-04,35.0,40,0,Navbahor Namangan,False
Group K,Uzbekistan,2,Abdukodir Khusanov,DF,2004-02-29,22.0,27,0,Manchester City,False
Group K,Uzbekistan,3,Khojiakbar Alijonov,DF,1997-04-19,29.0,40,2,Pakhtakor,False
Group K,Uzbekistan,4,Farrukh Sayfiev,DF,1991-01-17,35.0,46,1,Neftchi Fergana,False
Group K,Uzbekistan,5,Rustam Ashurmatov,DF,1996-07-07,29.0,49,1,Esteghlal,False
Group K,Uzbekistan,6,Akmal Mozgovoy,MF,1999-04-02,27.0,25,1,Pakhtakor,False
Group K,Uzbekistan,7,Otabek Shukurov,MF,1996-06-22,29.0,84,9,Baniyas,False
Group K,Uzbekistan,8,Jamshid Iskanderov,MF,1993-10-16,32.0,38,4,Neftchi Fergana,False
Group K,Uzbekistan,9,Odiljon Hamrobekov,MF,1996-02-13,30.0,72,1,Tractor,False
Group K,Uzbekistan,10,Jaloliddin Masharipov,MF,1993-09-01,32.0,74,12,Esteghlal,False
Group K,Uzbekistan,11,Oston Urunov,MF,2000-12-19,25.0,42,10,Persepolis,False
Group K,Uzbekistan,12,Abduvohid Nematov,GK,2001-03-20,25.0,8,0,Nasaf,False
Group K,Uzbekistan,13,Sherzod Nasrullaev,DF,1998-07-23,27.0,31,2,Nasaf,False
Group K,Uzbekistan,14,Eldor Shomurodov,FW,1995-06-29,30.0,92,44,İstanbul Başakşehir,True
Group K,Uzbekistan,15,Umar Eshmurodov,DF,1992-11-30,33.0,29,0,Nasaf,False
Group K,Uzbekistan,16,Botirali Ergashev,GK,1995-06-23,30.0,2,0,Neftchi Fergana,False
Group K,Uzbekistan,17,Dostonbek Khamdamov,MF,1996-07-24,29.0,34,5,Pakhtakor,False
Group K,Uzbekistan,18,Abdulla Abdullaev,DF,1997-09-01,28.0,17,0,Dibba,False
Group K,Uzbekistan,19,Azizjon Ganiev,MF,1998-02-22,28.0,19,0,Al Bataeh,False
Group K,Uzbekistan,20,Azizbek Amonov,FW,1997-10-30,28.0,12,2,Dinamo Samarqand,False
Group K,Uzbekistan,21,Igor Sergeev,FW,1993-04-30,33.0,83,25,Persepolis,False
Group K,Uzbekistan,22,Abbosbek Fayzullaev,MF,2003-10-03,22.0,32,8,İstanbul Başakşehir,False
Group K,Uzbekistan,23,Sherzod Esanov,MF,2003-02-01,23.0,1,0,Bukhara,False
Group K,Uzbekistan,24,Bekhruz Karimov,DF,2007-08-07,18.0,2,0,Surkhon Termiz,False
Group K,Uzbekistan,25,Avazbek Ulmasaliev,DF,2000-03-27,26.0,0,0,AGMK,False
Group K,Uzbekistan,26,Jakhongir Urozov,DF,2004-01-18,22.0,4,0,Dinamo Samarqand,False
Group L,Croatia,1,Dominik Livaković,GK,1995-01-09,31.0,75,0,Dinamo Zagreb,False
Group L,Croatia,2,Josip Stanišić,DF,2000-04-02,26.0,31,0,Bayern Munich,False
Group L,Croatia,3,Marin Pongračić,DF,1997-09-11,28.0,20,0,Fiorentina,False
Group L,Croatia,4,Joško Gvardiol,DF,2002-01-23,24.0,48,4,Manchester City,False
Group L,Croatia,5,Duje Ćaleta-Car,DF,1996-09-17,29.0,38,1,Real Sociedad,False
Group L,Croatia,6,Josip Šutalo,DF,2000-02-28,26.0,33,0,Ajax,False
Group L,Croatia,7,Nikola Moro,MF,1998-03-12,28.0,10,0,Bologna,False
Group L,Croatia,8,Mateo Kovačić,MF,1994-05-06,32.0,113,5,Manchester City,False
Group L,Croatia,9,Andrej Kramarić,FW,1991-06-19,34.0,116,36,TSG Hoffenheim,False
Group L,Croatia,10,Luka Modrić,MF,1985-09-09,40.0,198,29,Milan,True
Group L,Croatia,11,Ante Budimir,FW,1991-07-22,34.0,38,6,Osasuna,False
Group L,Croatia,12,Ivor Pandur,GK,2000-03-25,26.0,0,0,Hull City,False
Group L,Croatia,13,Nikola Vlašić,MF,1997-10-04,28.0,63,10,Torino,False
Group L,Croatia,14,Ivan Perišić,FW,1989-02-02,37.0,154,38,PSV Eindhoven,False
Group L,Croatia,15,Mario Pašalić,MF,1995-02-09,31.0,85,12,Atalanta,False
Group L,Croatia,16,Martin Baturina,MF,2003-02-16,23.0,19,1,Como,False
Group L,Croatia,17,Petar Sučić,MF,2003-10-25,22.0,17,1,Inter Milan,False
Group L,Croatia,18,Kristijan Jakić,DF,1997-05-14,29.0,17,2,FC Augsburg,False
Group L,Croatia,19,Toni Fruk,MF,2001-03-09,25.0,7,1,Rijeka,False
Group L,Croatia,20,Igor Matanović,FW,2003-03-31,23.0,9,2,SC Freiburg,False
Group L,Croatia,21,Luka Sučić,MF,2002-09-08,23.0,21,1,Real Sociedad,False
Group L,Croatia,22,Luka Vušković,DF,2007-02-24,19.0,5,1,Hamburger SV,False
Group L,Croatia,23,Dominik Kotarski,GK,2000-02-10,26.0,4,0,Copenhagen,False
Group L,Croatia,24,Marco Pašalić,FW,2000-09-14,25.0,15,1,Orlando City SC,False
Group L,Croatia,25,Martin Erlić,DF,1998-01-24,28.0,13,1,Midtjylland,False
Group L,Croatia,26,Petar Musa,FW,1998-03-04,28.0,11,1,FC Dallas,False
Group L,England,1,Jordan Pickford,GK,1994-03-07,32.0,83,0,Everton,False
Group L,England,2,Ezri Konsa,DF,1997-10-23,28.0,19,1,Aston Villa,False
Group L,England,3,Nico O'Reilly,DF,2005-03-21,21.0,4,0,Manchester City,False
Group L,England,4,Declan Rice,MF,1999-01-14,27.0,72,6,Arsenal,False
Group L,England,5,John Stones,DF,1994-05-28,32.0,88,3,Manchester City,False
Group L,England,6,Marc Guéhi,DF,2000-07-13,25.0,28,1,Manchester City,False
Group L,England,7,Bukayo Saka,FW,2001-09-05,24.0,48,14,Arsenal,False
Group L,England,8,Elliot Anderson,MF,2002-11-06,23.0,8,0,Nottingham Forest,False
Group L,England,9,Harry Kane,FW,1993-07-28,32.0,113,79,Bayern Munich,True
Group L,England,10,Jude Bellingham,MF,2003-06-29,22.0,47,6,Real Madrid,False
Group L,England,11,Marcus Rashford,FW,1997-10-31,28.0,71,18,Barcelona,False
Group L,England,12,Tino Livramento,DF,2002-11-12,23.0,6,0,Newcastle United,False
Group L,England,13,Dean Henderson,GK,1997-03-12,29.0,4,0,Crystal Palace,False
Group L,England,14,Jordan Henderson,MF,1990-06-17,35.0,90,3,Brentford,False
Group L,England,15,Dan Burn,DF,1992-05-09,34.0,7,0,Newcastle United,False
Group L,England,16,Kobbie Mainoo,MF,2005-04-19,21.0,13,0,Manchester United,False
Group L,England,17,Morgan Rogers,MF,2002-07-26,23.0,14,1,Aston Villa,False
Group L,England,18,Anthony Gordon,FW,2001-02-24,25.0,18,2,Newcastle United,False
Group L,England,19,Ollie Watkins,FW,1995-12-30,30.0,21,6,Aston Villa,False
Group L,England,20,Noni Madueke,FW,2002-03-10,24.0,10,1,Arsenal,False
Group L,England,21,Eberechi Eze,MF,1998-06-29,27.0,16,3,Arsenal,False
Group L,England,22,Ivan Toney,FW,1996-03-16,30.0,8,1,Al-Ahli,False
Group L,England,23,James Trafford,GK,2002-10-10,23.0,2,0,Manchester City,False
Group L,England,24,Reece James,DF,1999-12-08,26.0,23,1,Chelsea,False
Group L,England,25,Djed Spence,DF,2000-08-09,25.0,5,0,Tottenham Hotspur,False
Group L,England,26,Jarell Quansah,DF,2003-01-29,23.0,2,0,Bayer Leverkusen,False
Group L,Ghana,1,Lawrence Ati-Zigi,GK,1996-11-29,29.0,29,0,St. Gallen,False
Group L,Ghana,2,Alidu Seidu,DF,2000-06-04,26.0,24,1,Rennes,False
Group L,Ghana,3,Caleb Yirenkyi,MF,2006-01-15,20.0,11,1,Nordsjælland,False
Group L,Ghana,4,Jonas Adjetey,DF,2003-12-13,22.0,10,0,VfL Wolfsburg,False
Group L,Ghana,5,Thomas Partey,MF,1993-06-13,32.0,57,15,Villarreal,False
Group L,Ghana,6,Abdul Mumin,DF,1998-06-06,28.0,5,0,Rayo Vallecano,False
Group L,Ghana,7,Abdul Fatawu,FW,2004-03-08,22.0,28,3,Leicester City,False
Group L,Ghana,8,Kwasi Sibo,MF,1998-06-24,27.0,8,0,Oviedo,False
Group L,Ghana,9,Jordan Ayew,FW,1991-09-11,34.0,120,34,Leicester City,True
Group L,Ghana,10,Brandon Thomas-Asante,FW,1998-12-29,27.0,8,1,Coventry City,False
Group L,Ghana,11,Antoine Semenyo,MF,2000-01-07,26.0,34,3,Manchester City,False
Group L,Ghana,12,Joseph Anang,GK,2000-06-08,26.0,1,0,St Patrick's Athletic,False
Group L,Ghana,13,Christopher Bonsu Baah,FW,2004-12-14,21.0,9,0,Al-Qadsiah,False
Group L,Ghana,14,Gideon Mensah,DF,1998-07-18,27.0,40,0,Auxerre,False
Group L,Ghana,15,Elisha Owusu,MF,1997-11-07,28.0,20,0,Auxerre,False
Group L,Ghana,16,Benjamin Asare,GK,1992-07-13,33.0,11,0,Hearts of Oak,False
Group L,Ghana,17,Abdul Rahman Baba,DF,1994-07-02,31.0,51,1,PAOK,False
Group L,Ghana,18,Jerome Opoku,DF,1998-10-14,27.0,11,1,İstanbul Başakşehir,False
Group L,Ghana,19,Iñaki Williams,FW,1994-06-15,31.0,26,2,Athletic Bilbao,False
Group L,Ghana,20,Augustine Boakye,MF,2000-11-03,25.0,0,0,Saint-Étienne,False
Group L,Ghana,21,Kojo Peprah Oppong,DF,2004-06-04,22.0,4,0,Nice,False
Group L,Ghana,22,Kamaldeen Sulemana,FW,2002-02-15,24.0,28,1,Atalanta,False
Group L,Ghana,23,Derrick Luckassen,DF,1995-07-03,30.0,1,0,Pafos,False
Group L,Ghana,24,Ernest Nuamah,FW,2003-11-01,22.0,18,4,Lyon,False
Group L,Ghana,25,Prince Kwabena Adu,FW,2003-09-23,22.0,5,0,Viktoria Plzeň,False
Group L,Ghana,26,Marvin Senaya,DF,2001-01-28,25.0,2,0,Auxerre,False
Group L,Panama,1,Luis Mejía,GK,1991-03-16,35.0,56,0,Nacional,False
Group L,Panama,2,César Blackman,DF,1998-04-02,28.0,40,3,Slovan Bratislava,False
Group L,Panama,3,José Córdoba,DF,2001-06-03,25.0,32,1,Norwich City,False
Group L,Panama,4,Fidel Escobar,DF,1995-01-09,31.0,99,4,Saprissa,False
Group L,Panama,5,Edgardo Fariña,DF,2001-10-19,24.0,18,0,Pari Nizhny Novgorod,False
Group L,Panama,6,Cristian Martínez,MF,1997-02-06,29.0,66,2,Ironi Kiryat Shmona,False
Group L,Panama,7,José Luis Rodríguez,MF,1998-06-19,27.0,70,8,Juárez,False
Group L,Panama,8,Adalberto Carrasquilla,MF,1998-11-28,27.0,73,3,UNAM,False
Group L,Panama,9,Tomás Rodríguez,FW,1999-03-09,27.0,13,4,Saprissa,False
Group L,Panama,10,Ismael Díaz,MF,1997-05-12,29.0,57,17,León,False
Group L,Panama,11,Yoel Bárcenas,MF,1993-10-23,32.0,104,10,Mazatlán,False
Group L,Panama,12,César Samudio,GK,1994-02-23,32.0,5,0,Marathón,False
Group L,Panama,13,Jiovany Ramos,DF,1997-01-26,29.0,23,2,Puerto Cabello,False
Group L,Panama,14,Carlos Harvey,DF,2000-02-03,26.0,28,3,Minnesota United FC,False
Group L,Panama,15,Eric Davis,DF,1991-03-31,35.0,107,9,Plaza Amador,False
Group L,Panama,16,Andrés Andrade,DF,1998-10-16,27.0,50,1,LASK,False
Group L,Panama,17,José Fajardo,FW,1993-08-18,32.0,68,17,Universidad Católica,False
Group L,Panama,18,Cecilio Waterman,FW,1991-04-13,35.0,55,15,Universidad de Concepción,False
Group L,Panama,19,Alberto Quintero,MF,1987-12-18,38.0,141,7,Plaza Amador,False
Group L,Panama,20,Aníbal Godoy,MF,1990-02-10,36.0,159,4,San Diego FC,True
Group L,Panama,21,César Yanis,MF,1996-01-28,30.0,56,5,Cobresal,False
Group L,Panama,22,Orlando Mosquera,GK,1994-12-25,31.0,48,0,Al-Fayha,False
Group L,Panama,23,Michael Amir Murillo,DF,1996-02-11,30.0,94,9,Beşiktaş,False
Group L,Panama,24,Azarias Londoño,FW,2001-06-21,24.0,11,0,Universidad Católica,False
Group L,Panama,25,Roderick Miller,DF,1992-04-03,34.0,50,2,Turan Tovuz,False
Group L,Panama,26,Jorge Gutiérrez,DF,1998-09-01,27.0,18,0,Deportivo La Guaira,False
